#filename,file_size,file_attributes,region_count,region_id,region_shape_attributes,region_attributes
AC (1).jpg,11786,"{}",1,0,"{""name"":""polygon"",""all_points_x"":[43,70,419,421,413,394,91,39,37,43],""all_points_y"":[145,137,173,245,269,278,292,291,155,145]}","{""class"":""1""}"
AC (2).jpg,20128,"{}",1,0,"{""name"":""polygon"",""all_points_x"":[2,63,339,346,347,117,52,0,2],""all_points_y"":[60,56,56,75,255,285,293,248,60]}","{""class"":""1""}"
AC (3).jpg,46233,"{}",1,0,"{""name"":""polygon"",""all_points_x"":[72,38,18,26,44,108,112,1227,1228,1462,1486,1489,1483,1465,72],""all_points_y"":[11,15,69,472,495,498,512,510,496,490,422,134,58,11,11]}","{""class"":""1""}"
AC (4).jpg,60502,"{}",1,0,"{""name"":""polygon"",""all_points_x"":[228,1268,1302,1327,1320,1295,198,171,162,196,228],""all_points_y"":[319,323,344,382,612,690,683,610,378,330,319]}","{""class"":""1""}"
AC (5).jpg,14914,"{}",1,0,"{""name"":""polygon"",""all_points_x"":[41,611,616,615,605,48,44,42,36,35,41],""all_points_y"":[149,150,163,304,344,340,300,237,172,150,149]}","{""class"":""1""}"
AC (6).jpg,13824,"{}",1,0,"{""name"":""polygon"",""all_points_x"":[18,668,672,670,660,24,10,10,18],""all_points_y"":[145,142,208,325,355,359,308,197,145]}","{""class"":""1""}"
AC (7).jpg,49245,"{}",1,0,"{""name"":""polygon"",""all_points_x"":[137,108,105,105,125,150,1359,1378,1398,1399,1402,1378,137],""all_points_y"":[98,108,137,367,452,487,487,466,376,228,104,101,98]}","{""class"":""1""}"
AC (8).jpg,47070,"{}",1,0,"{""name"":""polygon"",""all_points_x"":[13,95,607,667,670,670,660,21,11,13],""all_points_y"":[42,1,4,37,383,448,462,462,447,42]}","{""class"":""1""}"
AC (9).jpg,22874,"{}",1,0,"{""name"":""polygon"",""all_points_x"":[16,584,593,597,593,579,20,5,3,9,16],""all_points_y"":[209,210,234,303,356,389,389,358,300,223,209]}","{""class"":""1""}"
AC (10).jpg,6994,"{}",1,0,"{""name"":""polygon"",""all_points_x"":[8,261,319,319,43,18,3,1,5,8],""all_points_y"":[71,0,26,149,166,159,144,130,84,71]}","{""class"":""1""}"
AC (11).jpg,4603,"{}",1,0,"{""name"":""polygon"",""all_points_x"":[88,123,180,185,203,112,12,33,36,88],""all_points_y"":[100,99,133,153,166,203,167,155,131,100]}","{""class"":""1""}"
AC (12).jpg,59254,"{}",1,0,"{""name"":""polygon"",""all_points_x"":[117,768,811,840,846,824,217,151,100,108,117],""all_points_y"":[134,25,27,66,244,301,350,330,286,142,134]}","{""class"":""1""}"
AC (13).jpg,20868,"{}",1,0,"{""name"":""polygon"",""all_points_x"":[41,539,555,557,554,543,525,48,26,23,21,32,41],""all_points_y"":[31,33,39,54,184,202,223,219,199,178,46,36,31]}","{""class"":""1""}"
AC (14).jpg,233705,"{}",1,0,"{""name"":""polygon"",""all_points_x"":[57,1529,1699,1693,1518,0,14,38,57],""all_points_y"":[123,-3,270,972,1234,1057,426,139,123]}","{""class"":""1""}"
AC (15).jpg,357271,"{}",1,0,"{""name"":""polygon"",""all_points_x"":[33,1281,1401,1575,1567,1534,741,205,114,56,27,27,33],""all_points_y"":[315,99,70,157,803,816,809,811,791,716,658,354,315]}","{""class"":""1""}"
AC (16).jpg,12283,"{}",1,0,"{""name"":""polygon"",""all_points_x"":[98,602,613,609,603,575,126,98,89,91,98],""all_points_y"":[175,175,189,331,344,355,355,348,261,189,175]}","{""class"":""1""}"
AC (17).jpg,97422,"{}",1,0,"{""name"":""polygon"",""all_points_x"":[109,870,883,891,894,885,876,866,130,110,101,91,92,109],""all_points_y"":[118,115,121,139,313,326,349,363,362,361,328,318,129,118]}","{""class"":""1""}"
AC (18).jpg,10674,"{}",1,0,"{""name"":""polygon"",""all_points_x"":[81,45,28,19,24,53,425,447,471,474,466,453,81],""all_points_y"":[30,39,63,74,233,229,224,213,187,161,126,107,30]}","{""class"":""1""}"
AC (19).jpg,19685,"{}",1,0,"{""name"":""polygon"",""all_points_x"":[175,303,324,326,306,175,181,175],""all_points_y"":[15,12,23,460,489,474,127,15]}","{""class"":""1""}"
AC (20).jpg,200358,"{}",1,0,"{""name"":""polygon"",""all_points_x"":[116,574,618,658,634,609,128,72,48,60,116],""all_points_y"":[49,32,26,71,219,230,214,173,108,68,49]}","{""class"":""1""}"
AC (21).jpg,68288,"{}",1,0,"{""name"":""polygon"",""all_points_x"":[390,1328,1385,1394,1398,1375,469,394,362,377,351,340,364,390],""all_points_y"":[428,323,364,394,726,743,747,719,722,707,704,621,484,428]}","{""class"":""1""}"
AC (22).jpg,75503,"{}",2,0,"{""name"":""polygon"",""all_points_x"":[159,292,361,782,788,789,770,736,230,168,131,147,159],""all_points_y"":[22,5,24,140,181,240,278,313,352,349,316,33,22]}","{""class"":""1""}"
AC (22).jpg,75503,"{}",2,1,"{""name"":""polygon"",""all_points_x"":[176,199,389,722,767,763,751,729,193,171,157,157,150,176],""all_points_y"":[389,378,383,406,428,544,582,596,677,653,637,611,394,389]}","{""class"":""1""}"
AC (23).jpg,92873,"{}",1,0,"{""name"":""polygon"",""all_points_x"":[60,721,745,747,749,726,76,53,42,49,60],""all_points_y"":[268,264,275,444,488,499,500,490,437,280,268]}","{""class"":""1""}"
AC (24).jpg,36456,"{}",1,0,"{""name"":""polygon"",""all_points_x"":[146,118,114,122,130,554,554,565,545,146],""all_points_y"":[143,154,177,250,273,274,247,154,144,143]}","{""class"":""1""}"
AC (25).jpg,25261,"{}",1,0,"{""name"":""polygon"",""all_points_x"":[45,683,685,688,677,32,23,25,45],""all_points_y"":[310,315,358,492,530,524,456,322,310]}","{""class"":""1""}"
AC (26).jpg,45939,"{}",1,0,"{""name"":""polygon"",""all_points_x"":[155,811,884,896,866,823,731,2,38,99,125,155],""all_points_y"":[190,404,444,642,672,700,720,613,262,234,194,190]}","{""class"":""1""}"
AC (27).jpg,27391,"{}",1,0,"{""name"":""polygon"",""all_points_x"":[75,803,820,869,922,903,122,67,40,30,22,42,75],""all_points_y"":[213,104,112,122,171,518,441,425,391,388,324,247,213]}","{""class"":""1""}"
AC (28).jpg,155957,"{}",1,0,"{""name"":""polygon"",""all_points_x"":[86,710,715,714,696,90,74,74,86],""all_points_y"":[62,56,153,215,254,254,213,122,62]}","{""class"":""1""}"
AC (29).jpg,42830,"{}",1,0,"{""name"":""polygon"",""all_points_x"":[19,629,669,699,700,676,86,78,31,14,9,19],""all_points_y"":[69,11,9,33,271,275,258,250,234,199,107,69]}","{""class"":""1""}"
AC (30).jpg,22712,"{}",1,0,"{""name"":""polygon"",""all_points_x"":[31,406,472,471,405,28,21,31],""all_points_y"":[101,90,144,391,401,391,261,101]}","{""class"":""1""}"
AC (31).jpg,13443,"{}",1,0,"{""name"":""polygon"",""all_points_x"":[21,477,490,490,483,470,29,18,8,11,21],""all_points_y"":[177,181,185,293,305,333,336,304,293,187,177]}","{""class"":""1""}"
AC (32).jpg,222449,"{}",1,0,"{""name"":""polygon"",""all_points_x"":[189,206,347,404,433,458,548,562,657,375,106,189],""all_points_y"":[160,107,7,14,21,26,102,166,241,351,226,160]}","{""class"":""1""}"
AC (33).jpg,38552,"{}",1,0,"{""name"":""polygon"",""all_points_x"":[230,272,337,816,829,831,792,297,238,217,230],""all_points_y"":[160,150,153,216,275,328,384,463,463,457,160]}","{""class"":""1""}"
AC (34).jpg,38108,"{}",1,0,"{""name"":""polygon"",""all_points_x"":[73,462,463,464,458,79,69,66,73],""all_points_y"":[105,102,119,226,232,232,221,109,105]}","{""class"":""1""}"
AC (35).jpg,26677,"{}",1,0,"{""name"":""polygon"",""all_points_x"":[83,67,69,82,110,110,539,539,568,577,582,581,568,83],""all_points_y"":[160,174,307,338,339,349,349,337,337,310,301,171,161,160]}","{""class"":""1""}"
AC (36).jpg,27973,"{}",1,0,"{""name"":""polygon"",""all_points_x"":[423,392,363,350,330,328,346,372,456,643,707,747,747,729,725,692,537,423],""all_points_y"":[112,134,170,416,725,833,879,892,910,907,883,857,604,222,167,126,108,112]}","{""class"":""1""}"
AC (37).jpg,59290,"{}",1,0,"{""name"":""polygon"",""all_points_x"":[412,312,283,264,331,1185,1328,1537,1568,1592,1570,1430,1663,1742,1782,1727,1761,1780,1756,1772,1841,1910,1913,1313,721,412],""all_points_y"":[86,126,212,419,564,873,766,714,676,702,771,845,807,773,809,878,906,959,987,1025,1075,1066,12,26,64,86]}","{""class"":""1""}"
AC (38).jpg,18255,"{}",1,0,"{""name"":""polygon"",""all_points_x"":[45,956,1051,1054,150,76,24,26,45],""all_points_y"":[269,238,304,695,683,628,516,354,269]}","{""class"":""1""}"
AC (39).jpg,18004,"{}",1,0,"{""name"":""polygon"",""all_points_x"":[10,371,376,374,371,355,343,335,335,31,24,22,9,8,10],""all_points_y"":[93,93,121,184,194,191,212,212,216,213,205,195,195,103,93]}","{""class"":""1""}"
AC (40).jpg,27511,"{}",1,0,"{""name"":""polygon"",""all_points_x"":[133,492,512,605,607,633,644,645,630,616,611,225,125,133],""all_points_y"":[88,78,92,87,112,117,289,367,400,400,393,415,343,88]}","{""class"":""1""}"
AC (41).jpg,116967,"{}",1,0,"{""name"":""polygon"",""all_points_x"":[149,98,82,81,94,1118,1140,1174,1188,1194,1166,149],""all_points_y"":[6,176,305,460,530,660,581,389,265,75,6,6]}","{""class"":""1""}"
AC (42).jpg,23028,"{}",1,0,"{""name"":""polygon"",""all_points_x"":[52,401,404,402,401,49,47,52],""all_points_y"":[70,70,180,264,301,299,149,70]}","{""class"":""1""}"
AC (43).jpg,39356,"{}",1,0,"{""name"":""polygon"",""all_points_x"":[46,554,562,558,556,40,38,38,46],""all_points_y"":[26,24,38,177,190,189,108,38,26]}","{""class"":""1""}"
AC (44).jpg,30551,"{}",1,0,"{""name"":""polygon"",""all_points_x"":[25,43,369,385,386,333,208,38,25,24,25],""all_points_y"":[132,126,128,129,242,242,242,240,207,143,132]}","{""class"":""1""}"
AC (45).jpg,32090,"{}",1,0,"{""name"":""polygon"",""all_points_x"":[31,72,791,819,828,826,811,701,64,33,28,31],""all_points_y"":[375,361,361,370,405,600,622,620,629,605,427,375]}","{""class"":""1""}"
AC (46).jpg,93537,"{}",1,0,"{""name"":""polygon"",""all_points_x"":[64,791,802,808,793,59,42,42,64],""all_points_y"":[261,252,280,721,745,749,721,280,261]}","{""class"":""1""}"
AC (47).jpg,35031,"{}",1,0,"{""name"":""polygon"",""all_points_x"":[75,815,927,945,934,62,62,75],""all_points_y"":[355,348,352,396,645,645,410,355]}","{""class"":""1""}"
AC (48).jpg,32121,"{}",1,0,"{""name"":""polygon"",""all_points_x"":[110,33,26,31,79,905,963,969,868,110],""all_points_y"":[344,383,570,637,648,648,623,381,350,344]}","{""class"":""1""}"
AC (49).jpg,27635,"{}",1,0,"{""name"":""polygon"",""all_points_x"":[104,899,907,912,896,877,117,106,93,95,104],""all_points_y"":[379,383,396,590,601,637,637,597,590,401,379]}","{""class"":""1""}"
AC (50).jpg,31806,"{}",1,0,"{""name"":""polygon"",""all_points_x"":[95,1512,1522,1515,1491,1459,120,92,70,95],""all_points_y"":[511,522,560,874,888,948,948,870,853,511]}","{""class"":""1""}"
bottle (1).jpg,28297,"{}",1,0,"{""name"":""polygon"",""all_points_x"":[134,132,150,175,197,196,222,232,232,231,235,226,200,123,102,99,104,134],""all_points_y"":[64,31,24,20,31,66,99,146,192,380,436,461,474,470,456,373,125,64]}","{""class"":""2""}"
bottle (2).jpg,14668,"{}",1,0,"{""name"":""polygon"",""all_points_x"":[186,109,96,57,29,11,4,19,17,54,92,130,271,276,285,311,340,357,363,428,493,556,622,630,643,659,660,673,648,627,610,588,519,470,389,329,278,251,231,206,186],""all_points_y"":[68,73,73,81,109,128,201,213,242,281,295,290,269,232,212,204,210,239,263,264,260,244,183,188,154,135,100,76,76,73,91,69,38,31,49,52,71,64,78,74,68]}","{""class"":""2""}"
bottle (3).jpg,67025,"{}",1,0,"{""name"":""polygon"",""all_points_x"":[225,226,173,176,177,176,184,228,291,319,319,322,325,274,275,225],""all_points_y"":[53,87,145,175,197,441,470,488,483,459,413,238,141,83,48,53]}","{""class"":""2""}"
bottle (4).jpg,10916,"{}",1,0,"{""name"":""polygon"",""all_points_x"":[227,231,272,274,319,318,314,307,274,225,184,185,183,226,227],""all_points_y"":[76,48,48,80,131,206,421,436,446,450,428,351,134,84,76]}","{""class"":""2""}"
bottle (5).jpg,67713,"{}",1,0,"{""name"":""polygon"",""all_points_x"":[435,440,584,584,638,650,647,632,401,381,386,435],""all_points_y"":[153,65,63,158,230,307,929,952,959,929,239,153]}","{""class"":""2""}"
bottle (6).jpg,12604,"{}",1,0,"{""name"":""polygon"",""all_points_x"":[243,244,356,356,382,410,422,419,410,297,185,178,180,184,213,243],""all_points_y"":[83,1,5,85,103,126,180,548,589,599,580,469,198,147,104,83]}","{""class"":""2""}"
bottle (7).jpg,9444,"{}",1,0,"{""name"":""polygon"",""all_points_x"":[170,172,237,237,248,261,270,264,258,260,264,261,251,199,164,147,150,151,143,150,170],""all_points_y"":[73,35,33,79,93,120,167,209,251,295,319,397,407,416,403,375,291,238,169,120,73]}","{""class"":""2""}"
bottle (8).jpg,11288,"{}",1,0,"{""name"":""polygon"",""all_points_x"":[381,385,470,519,519,543,543,527,379,361,361,365,381],""all_points_y"":[228,135,131,135,238,305,745,779,779,728,385,281,228]}","{""class"":""2""}"
bottle (9).jpg,20046,"{}",1,0,"{""name"":""polygon"",""all_points_x"":[219,217,260,263,278,275,266,211,200,203,219],""all_points_y"":[142,112,113,150,177,383,398,399,387,169,142]}","{""class"":""2""}"
bottle (10).jpg,195429,"{}",2,0,"{""name"":""polygon"",""all_points_x"":[769,765,846,991,1021,1073,1077,1021,1021,1064,1115,1124,1068,1115,1098,1064,927,718,684,722,679,769],""all_points_y"":[291,137,98,124,167,175,252,274,308,385,491,632,932,1167,1342,1385,1436,1385,1068,825,560,291]}","{""class"":""2""}"
bottle (10).jpg,195429,"{}",2,1,"{""name"":""polygon"",""all_points_x"":[125,228,327,343,410,420,420,356,333,362,417,446,429,413,401,413,436,446,429,372,304,189,141,64,48,74,90,38,29,103,112,93,93,125],""all_points_y"":[93,71,96,128,144,179,224,231,253,308,391,494,631,734,814,971,1071,1228,1298,1324,1349,1359,1333,1292,1154,962,795,625,462,272,237,208,112,93]}","{""class"":""2""}"
bottle (11).jpg,128532,"{}",2,0,"{""name"":""polygon"",""all_points_x"":[468,466,456,463,494,602,637,649,651,632,644,677,719,708,684,687,705,708,694,675,654,454,409,388,411,421,411,395,393,421,456,468,468],""all_points_y"":[190,181,181,52,28,16,26,92,186,207,214,252,367,442,588,698,781,915,997,1032,1049,1056,1011,797,726,628,536,461,324,268,223,207,190]}","{""class"":""2""}"
bottle (11).jpg,128532,"{}",2,1,"{""name"":""polygon"",""all_points_x"":[842,844,886,997,1023,1027,1032,1016,1027,1051,1077,1098,1089,1074,1067,1091,1093,1086,1072,1049,933,851,813,778,776,792,804,811,797,781,806,839,844,858,842],""all_points_y"":[179,56,35,16,40,71,174,193,214,245,301,381,477,564,705,766,868,955,1009,1042,1051,1046,1030,929,809,715,635,560,475,367,273,237,209,197,179]}","{""class"":""2""}"
bottle (12).jpg,41061,"{}",2,0,"{""name"":""polygon"",""all_points_x"":[247,247,261,292,295,324,328,313,325,312,296,250,214,208,226,222,215,247],""all_points_y"":[154,96,85,96,153,182,211,261,387,474,482,486,466,373,272,246,194,154]}","{""class"":""2""}"
bottle (12).jpg,41061,"{}",2,1,"{""name"":""polygon"",""all_points_x"":[162,165,145,120,118,90,84,93,77,78,86,98,155,182,194,189,188,197,191,162],""all_points_y"":[148,95,89,98,150,177,204,254,334,430,472,481,487,472,381,302,253,210,186,148]}","{""class"":""2""}"
bottle (13).jpg,120068,"{}",1,0,"{""name"":""polygon"",""all_points_x"":[631,644,846,852,905,909,899,862,624,578,562,631],""all_points_y"":[264,116,129,287,393,1305,1371,1401,1391,1358,410,264]}","{""class"":""2""}"
bottle (14).jpg,21882,"{}",1,0,"{""name"":""polygon"",""all_points_x"":[298,294,449,449,481,483,462,289,272,275,298],""all_points_y"":[81,17,13,92,126,615,638,638,624,131,81]}","{""class"":""2""}"
bottle (15).jpg,15871,"{}",1,0,"{""name"":""polygon"",""all_points_x"":[244,239,278,345,359,356,382,387,386,373,289,227,217,219,244],""all_points_y"":[144,107,94,96,104,156,201,258,533,564,579,556,526,211,144]}","{""class"":""2""}"
bottle (16).jpg,47843,"{}",1,0,"{""name"":""polygon"",""all_points_x"":[215,216,221,281,287,290,296,317,337,327,302,247,202,174,175,185,210,215],""all_points_y"":[65,21,11,12,17,70,101,122,164,469,477,488,475,456,169,119,95,65]}","{""class"":""2""}"
bottle (17).jpg,9981,"{}",1,0,"{""name"":""polygon"",""all_points_x"":[235,232,263,265,295,297,289,287,294,300,296,286,214,205,202,204,216,210,204,205,219,235],""all_points_y"":[62,33,31,63,108,131,203,230,241,389,411,430,428,402,313,246,221,188,152,115,85,62]}","{""class"":""2""}"
bottle (18).jpg,14658,"{}",1,0,"{""name"":""polygon"",""all_points_x"":[600,598,661,653,692,711,712,715,695,571,542,541,542,600],""all_points_y"":[89,33,33,87,140,179,554,638,682,685,649,243,176,89]}","{""class"":""2""}"
bottle (19).jpg,176101,"{}",1,0,"{""name"":""polygon"",""all_points_x"":[444,434,582,579,573,647,662,622,659,659,622,539,410,367,367,394,367,385,453,444],""all_points_y"":[379,296,290,391,441,539,653,681,739,1195,1297,1322,1315,1183,736,693,662,521,437,379]}","{""class"":""2""}"
bottle (20).jpg,30550,"{}",1,0,"{""name"":""polygon"",""all_points_x"":[203,208,238,285,285,318,320,309,243,171,171,175,188,203],""all_points_y"":[88,17,10,18,90,123,476,486,494,479,193,127,108,88]}","{""class"":""2""}"
bottle (21).jpg,33390,"{}",1,0,"{""name"":""polygon"",""all_points_x"":[533,539,579,640,674,682,741,751,745,712,559,494,523,517,494,464,466,539,533],""all_points_y"":[157,129,111,115,121,169,230,323,682,702,726,696,644,563,504,490,248,170,157]}","{""class"":""2""}"
bottle (22).jpg,47500,"{}",2,0,"{""name"":""polygon"",""all_points_x"":[206,203,207,235,255,277,281,281,275,291,311,311,308,282,251,174,175,201,206],""all_points_y"":[80,62,35,24,25,35,35,72,84,109,176,320,442,440,429,405,153,103,80]}","{""class"":""2""}"
bottle (22).jpg,47500,"{}",2,1,"{""name"":""polygon"",""all_points_x"":[361,357,365,339,330,329,335,359,402,436,454,460,432,439,441,410,361],""all_points_y"":[29,71,80,135,338,418,460,475,484,475,468,139,83,71,34,22,29]}","{""class"":""2""}"
bottle (23).jpg,54685,"{}",1,0,"{""name"":""polygon"",""all_points_x"":[367,351,358,446,451,439,483,504,492,493,516,509,497,458,381,322,287,296,308,312,294,312,367],""all_points_y"":[102,60,16,12,55,95,150,284,338,594,650,693,774,786,782,779,698,627,562,314,273,162,102]}","{""class"":""2""}"
bottle (24).jpg,14056,"{}",1,0,"{""name"":""polygon"",""all_points_x"":[208,204,217,217,274,274,287,287,283,336,334,333,331,334,325,276,230,160,161,159,185,208],""all_points_y"":[91,53,45,26,28,46,52,93,98,160,176,211,220,270,453,478,487,446,346,156,120,91]}","{""class"":""2""}"
bottle (25).jpg,13867,"{}",1,0,"{""name"":""polygon"",""all_points_x"":[219,215,216,236,267,283,286,281,315,318,319,323,311,305,314,319,320,314,290,243,208,188,184,196,197,185,182,194,219],""all_points_y"":[62,28,17,8,10,13,35,63,100,135,199,241,298,326,373,437,468,486,492,492,486,479,413,351,312,228,129,93,62]}","{""class"":""2""}"
bottle (26).jpg,20060,"{}",1,0,"{""name"":""polygon"",""all_points_x"":[45,45,25,26,16,6,7,10,7,6,13,21,28,33,35,45,48,56,62,61,59,61,63,45],""all_points_y"":[59,43,44,60,80,95,139,183,197,211,227,229,224,223,228,228,223,222,208,193,181,131,96,59]}","{""class"":""2""}"
bottle (27).jpg,35538,"{}",1,0,"{""name"":""polygon"",""all_points_x"":[206,204,221,253,278,276,287,311,314,308,297,248,189,179,171,182,209,206],""all_points_y"":[79,54,42,38,52,82,104,169,198,495,506,519,507,392,217,139,92,79]}","{""class"":""2""}"
bottle (28).jpg,19486,"{}",1,0,"{""name"":""polygon"",""all_points_x"":[219,219,253,284,281,298,319,318,327,324,316,289,228,189,181,182,203,219],""all_points_y"":[63,10,4,10,58,81,127,193,441,460,487,494,497,486,443,131,79,63]}","{""class"":""2""}"
bottle (29).jpg,44802,"{}",1,0,"{""name"":""polygon"",""all_points_x"":[289,288,309,307,325,323,320,323,326,325,319,293,275,273,275,275,275,285,289],""all_points_y"":[108,93,93,105,136,154,189,203,221,235,239,243,234,215,195,159,130,113,108]}","{""class"":""2""}"
bottle (30).jpg,9243,"{}",1,0,"{""name"":""polygon"",""all_points_x"":[204,205,263,296,303,300,308,329,322,309,271,211,182,180,181,178,203,204],""all_points_y"":[70,31,29,32,62,70,90,106,439,449,461,454,436,252,153,108,85,70]}","{""class"":""2""}"
bottle (31).jpg,15509,"{}",1,0,"{""name"":""polygon"",""all_points_x"":[311,320,447,450,501,551,566,566,556,541,501,385,266,219,199,199,204,259,311],""all_points_y"":[109,13,13,114,139,191,246,646,710,740,752,752,755,735,644,425,206,146,109]}","{""class"":""2""}"
bottle (32).jpg,140919,"{}",1,0,"{""name"":""polygon"",""all_points_x"":[239,240,264,267,290,291,292,290,281,223,216,216,223,239],""all_points_y"":[157,144,143,157,192,210,245,265,269,268,251,207,190,157]}","{""class"":""2""}"
bottle (33).jpg,64338,"{}",1,0,"{""name"":""polygon"",""all_points_x"":[178,178,205,261,319,358,372,388,396,408,390,405,387,381,338,270,198,180,163,171,152,180,178],""all_points_y"":[172,105,76,53,53,74,118,171,201,234,270,307,599,681,721,724,706,661,347,287,238,187,172]}","{""class"":""2""}"
bottle (34).jpg,18204,"{}",1,0,"{""name"":""polygon"",""all_points_x"":[344,348,377,419,445,472,479,475,470,451,402,364,353,344],""all_points_y"":[91,76,64,61,65,73,85,102,304,328,336,325,307,91]}","{""class"":""2""}"
bottle (35).jpg,17190,"{}",1,0,"{""name"":""polygon"",""all_points_x"":[102,104,54,55,39,36,43,50,42,44,54,67,101,119,127,117,124,125,110,102],""all_points_y"":[106,66,60,110,131,175,206,239,271,305,333,339,339,328,281,235,183,145,119,106]}","{""class"":""2""}"
bottle (36).jpg,18455,"{}",1,0,"{""name"":""polygon"",""all_points_x"":[71,76,94,120,129,133,180,201,208,203,195,189,139,115,104,96,72,39,18,12,22,26,39,71,71],""all_points_y"":[48,23,13,13,21,43,70,98,147,213,239,250,299,301,299,300,292,263,224,190,129,85,72,55,48]}","{""class"":""2""}"
bottle (37).jpg,11948,"{}",1,0,"{""name"":""polygon"",""all_points_x"":[155,160,174,180,179,191,202,204,199,203,204,199,151,143,144,141,136,143,156,155],""all_points_y"":[44,28,23,30,44,60,88,122,144,217,233,247,250,231,199,138,105,67,50,44]}","{""class"":""2""}"
bottle (38).jpg,35905,"{}",1,0,"{""name"":""polygon"",""all_points_x"":[376,366,557,548,582,582,564,514,388,351,348,345,376],""all_points_y"":[677,588,591,681,708,1256,1281,1303,1296,1260,998,705,677]}","{""class"":""2""}"
bottle (39).jpg,395010,"{}",1,0,"{""name"":""polygon"",""all_points_x"":[556,547,594,697,809,851,842,912,958,940,930,790,594,472,439,454,533,556],""all_points_y"":[365,159,108,89,103,145,341,510,697,1290,1828,2020,2006,1903,865,631,430,365]}","{""class"":""2""}"
bottle (40).jpg,12534,"{}",1,0,"{""name"":""polygon"",""all_points_x"":[343,345,436,436,487,514,519,492,298,265,269,289,309,343],""all_points_y"":[218,139,135,225,242,289,708,740,742,712,291,250,235,218]}","{""class"":""2""}"
bottle (41).jpg,16183,"{}",1,0,"{""name"":""polygon"",""all_points_x"":[263,267,299,328,328,350,358,356,356,354,338,296,272,242,239,242,255,264,263],""all_points_y"":[123,82,78,83,123,144,181,251,374,501,507,515,515,501,348,164,141,131,123]}","{""class"":""2""}"
bottle (42).jpg,45079,"{}",1,0,"{""name"":""polygon"",""all_points_x"":[204,200,217,285,301,296,284,284,302,308,307,298,302,314,311,301,278,208,184,176,181,196,197,186,192,204],""all_points_y"":[52,40,21,11,22,40,45,56,68,87,106,112,118,124,464,474,486,483,469,229,130,119,109,109,65,52]}","{""class"":""2""}"
bottle (43).jpg,27482,"{}",1,0,"{""name"":""polygon"",""all_points_x"":[441,444,478,517,514,522,572,583,582,575,584,579,572,581,577,572,581,573,576,573,558,539,496,443,396,384,384,389,382,385,381,385,381,388,379,383,433,441,441],""all_points_y"":[108,84,80,83,107,134,175,199,228,233,245,268,275,283,294,303,309,325,438,459,485,498,507,506,483,437,339,325,302,297,280,272,243,234,219,188,137,123,108]}","{""class"":""2""}"
bottle (44).jpg,14646,"{}",1,0,"{""name"":""polygon"",""all_points_x"":[224,217,218,239,281,284,275,302,322,317,318,306,314,322,313,296,274,267,237,221,214,196,187,186,194,187,183,188,202,224],""all_points_y"":[73,62,25,21,25,53,68,111,156,196,318,352,384,445,459,469,470,487,488,477,468,463,441,396,359,322,262,145,113,73]}","{""class"":""2""}"
bottle (45).jpg,34278,"{}",1,0,"{""name"":""polygon"",""all_points_x"":[561,499,502,510,617,716,781,792,787,727,730,722,550,550,561],""all_points_y"":[485,513,1046,1221,1243,1243,1210,829,499,482,383,341,358,454,485]}","{""class"":""2""}"
bottle (46).jpg,84435,"{}",1,0,"{""name"":""polygon"",""all_points_x"":[604,622,627,687,712,706,712,768,803,791,780,774,728,661,568,493,450,455,463,474,503,563,604],""all_points_y"":[97,70,32,32,46,82,114,173,236,397,650,676,701,701,693,676,642,515,450,290,179,130,97]}","{""class"":""2""}"
bottle (47).jpg,57175,"{}",1,0,"{""name"":""polygon"",""all_points_x"":[286,219,127,67,59,89,132,273,286,684,749,863,972,1034,1171,1180,1248,1245,1191,1039,968,779,758,730,286],""all_points_y"":[114,114,130,260,450,515,566,582,569,573,581,552,498,452,439,443,370,335,260,257,214,122,130,125,114]}","{""class"":""2""}"
bottle (48).jpg,57294,"{}",1,0,"{""name"":""polygon"",""all_points_x"":[246,249,244,239,231,224,222,221,226,239,267,287,297,299,299,287,279,275,278,273,268,270,253,253,246],""all_points_y"":[79,92,97,107,116,136,199,259,271,277,279,271,265,153,131,109,99,94,78,77,69,63,65,72,79]}","{""class"":""2""}"
bottle (49).jpg,11290,"{}",1,0,"{""name"":""polygon"",""all_points_x"":[252,255,295,326,345,346,333,369,366,370,358,329,284,262,225,229,231,252],""all_points_y"":[133,58,53,54,57,124,143,151,426,527,546,556,560,554,527,237,151,133]}","{""class"":""2""}"
bottle (50).jpg,12029,"{}",1,0,"{""name"":""polygon"",""all_points_x"":[208,200,204,262,263,257,285,298,294,293,297,293,275,186,172,171,167,167,208],""all_points_y"":[87,58,26,28,52,84,120,139,176,381,436,455,474,479,455,376,165,138,87]}","{""class"":""2""}"
laptop (1).jpg,217657,"{}",1,0,"{""name"":""polygon"",""all_points_x"":[496,369,1365,1507,2047,2007,984,567,500,496],""all_points_y"":[1202,448,468,1059,1154,1186,1353,1246,1222,1202]}","{""class"":""3""}"
laptop (2).jpg,320946,"{}",1,0,"{""name"":""polygon"",""all_points_x"":[187,44,1542,1646,2494,942,490,385,132,138,187],""all_points_y"":[1591,259,430,1399,1608,2153,1878,1856,1669,1624,1591]}","{""class"":""3""}"
laptop (3).jpg,14283,"{}",1,0,"{""name"":""polygon"",""all_points_x"":[68,62,314,337,337,333,334,372,352,48,30,54,68],""all_points_y"":[189,2,1,2,65,162,187,286,299,296,289,234,189]}","{""class"":""3""}"
laptop (4).jpg,39613,"{}",1,0,"{""name"":""polygon"",""all_points_x"":[328,325,775,770,849,841,257,307,328],""all_points_y"":[433,143,148,441,571,573,574,463,433]}","{""class"":""3""}"
laptop (5).jpg,32958,"{}",1,0,"{""name"":""polygon"",""all_points_x"":[492,1024,1120,1434,1398,843,86,83,740,793,492],""all_points_y"":[294,344,360,1057,1097,1189,1146,1140,1054,1044,294]}","{""class"":""3""}"
laptop (6).jpg,62474,"{}",1,0,"{""name"":""polygon"",""all_points_x"":[571,559,472,455,44,44,585,633,1078,1080,1017,1027,1068,1165,1149,571],""all_points_y"":[93,107,546,578,619,641,737,745,680,633,631,611,610,65,51,93]}","{""class"":""3""}"
laptop (7).jpg,70806,"{}",1,0,"{""name"":""polygon"",""all_points_x"":[355,354,671,671,693,690,332,334,355],""all_points_y"":[286,90,93,292,397,402,402,394,286]}","{""class"":""3""}"
laptop (8).jpg,12666,"{}",1,0,"{""name"":""polygon"",""all_points_x"":[92,494,520,717,762,758,749,700,384,30,17,4,234,89,92],""all_points_y"":[109,10,19,249,305,322,327,365,502,431,426,399,311,126,109]}","{""class"":""3""}"
laptop (9).jpg,179331,"{}",1,0,"{""name"":""polygon"",""all_points_x"":[1265,1031,242,908,1765,1853,2055,2011,1265],""all_points_y"":[397,1162,1246,1420,1305,1067,389,361,397]}","{""class"":""3""}"
laptop (10).jpg,35763,"{}",1,0,"{""name"":""polygon"",""all_points_x"":[148,721,994,961,961,479,31,0,361,143,148],""all_points_y"":[57,66,482,496,510,678,564,545,457,68,57]}","{""class"":""3""}"
laptop (11).jpg,74216,"{}",1,0,"{""name"":""polygon"",""all_points_x"":[468,71,82,246,722,738,830,538,468],""all_points_y"":[496,517,530,579,571,554,86,146,496]}","{""class"":""3""}"
laptop (12).jpg,39780,"{}",1,0,"{""name"":""polygon"",""all_points_x"":[59,61,72,397,408,408,462,449,12,3,59],""all_points_y"":[232,17,5,4,19,235,314,324,321,314,232]}","{""class"":""3""}"
laptop (13).jpg,10226,"{}",1,0,"{""name"":""polygon"",""all_points_x"":[44,30,278,262,269,280,23,35,44],""all_points_y"":[170,14,16,176,177,225,223,169,170]}","{""class"":""3""}"
laptop (14).jpg,15853,"{}",1,0,"{""name"":""polygon"",""all_points_x"":[216,123,214,223,330,250,325,216],""all_points_y"":[33,185,335,339,304,184,68,33]}","{""class"":""3""}"
laptop (15).jpg,13923,"{}",1,0,"{""name"":""polygon"",""all_points_x"":[240,184,3,155,341,346,354,419,404,240],""all_points_y"":[13,193,213,250,230,224,223,10,11,13]}","{""class"":""3""}"
laptop (16).jpg,189732,"{}",1,0,"{""name"":""polygon"",""all_points_x"":[274,215,197,197,59,26,59,219,610,1428,1476,1303,1298,1274,612,274],""all_points_y"":[4,13,44,704,860,899,934,932,941,945,890,689,26,4,4,4]}","{""class"":""3""}"
laptop (17).jpg,175680,"{}",1,0,"{""name"":""polygon"",""all_points_x"":[238,1257,1290,1281,1269,1309,1452,1440,83,36,203,224,196,207,238],""all_points_y"":[62,60,93,792,804,828,987,1011,1011,985,813,804,768,91,62]}","{""class"":""3""}"
laptop (18).jpg,59645,"{}",1,0,"{""name"":""polygon"",""all_points_x"":[296,801,809,809,888,215,293,296],""all_points_y"":[119,116,146,465,616,613,463,119]}","{""class"":""3""}"
laptop (19).jpg,11308,"{}",1,0,"{""name"":""polygon"",""all_points_x"":[296,508,512,496,384,172,156,277,296],""all_points_y"":[91,74,79,269,285,279,267,249,91]}","{""class"":""3""}"
laptop (20).jpg,19041,"{}",1,0,"{""name"":""polygon"",""all_points_x"":[188,443,404,384,399,399,278,19,3,139,160,141,179,188],""all_points_y"":[1,31,243,249,258,270,343,276,260,200,202,189,8,1]}","{""class"":""3""}"
laptop (21).jpg,59457,"{}",1,0,"{""name"":""polygon"",""all_points_x"":[521,525,860,862,921,878,463,521],""all_points_y"":[377,151,153,379,455,464,453,377]}","{""class"":""3""}"
laptop (22).jpg,69245,"{}",1,0,"{""name"":""polygon"",""all_points_x"":[4,17,439,536,795,774,317,117,104,4],""all_points_y"":[29,20,3,280,363,391,486,378,380,29]}","{""class"":""3""}"
laptop (23).jpg,500116,"{}",1,0,"{""name"":""polygon"",""all_points_x"":[337,3079,3105,3095,3411,3411,10,10,301,337],""all_points_y"":[0,10,56,1856,2218,2284,2299,2208,1820,0]}","{""class"":""3""}"
laptop (24).jpg,231667,"{}",1,0,"{""name"":""polygon"",""all_points_x"":[161,1509,1531,1524,1522,1663,1566,106,10,148,143,161],""all_points_y"":[5,-2,22,923,925,1064,1121,1116,1064,920,20,5]}","{""class"":""3""}"
laptop (25).jpg,25126,"{}",1,0,"{""name"":""polygon"",""all_points_x"":[17,9,167,95,228,529,619,419,207,17],""all_points_y"":[9,19,245,403,403,399,326,320,26,9]}","{""class"":""3""}"
laptop (26).jpg,18075,"{}",1,0,"{""name"":""polygon"",""all_points_x"":[347,383,592,555,549,533,349,320,177,341,347],""all_points_y"":[241,77,2,259,272,272,419,431,350,239,241]}","{""class"":""3""}"
laptop (27).jpg,42563,"{}",1,0,"{""name"":""polygon"",""all_points_x"":[298,260,6,29,417,453,658,667,699,684,298],""all_points_y"":[41,314,353,375,449,448,370,364,11,0,41]}","{""class"":""3""}"
laptop (28).jpg,12046,"{}",1,0,"{""name"":""polygon"",""all_points_x"":[66,396,406,409,449,431,61,40,23,59,59,66],""all_points_y"":[162,165,168,387,389,403,405,400,393,389,173,162]}","{""class"":""3""}"
laptop (29).jpg,156833,"{}",1,0,"{""name"":""polygon"",""all_points_x"":[156,973,1171,1835,1121,368,123,156],""all_points_y"":[419,457,1108,1205,1501,1341,457,419]}","{""class"":""3""}"
laptop (30).jpg,247667,"{}",1,0,"{""name"":""polygon"",""all_points_x"":[681,627,63,1367,1872,1935,681],""all_points_y"":[262,1132,1597,1831,1304,284,262]}","{""class"":""3""}"
laptop (31).jpg,54141,"{}",1,0,"{""name"":""polygon"",""all_points_x"":[133,729,998,965,467,61,2,350,133],""all_points_y"":[135,131,539,572,738,650,602,525,135]}","{""class"":""3""}"
laptop (32).jpg,147264,"{}",1,0,"{""name"":""polygon"",""all_points_x"":[346,359,227,238,1255,1273,1145,1156,346],""all_points_y"":[61,572,801,816,822,797,567,59,61]}","{""class"":""3""}"
laptop (33).jpg,976737,"{}",1,0,"{""name"":""polygon"",""all_points_x"":[396,2120,2164,2181,2434,2324,215,55,336,336,396],""all_points_y"":[584,595,650,1801,1905,1949,1977,1911,1779,650,584]}","{""class"":""3""}"
laptop (34).jpg,455839,"{}",1,0,"{""name"":""polygon"",""all_points_x"":[411,341,359,0,35,2733,2877,2531,2531,2470,389,411],""all_points_y"":[0,74,1473,1876,1937,1976,1884,1460,48,4,9,0]}","{""class"":""3""}"
laptop (35).jpg,275723,"{}",1,0,"{""name"":""polygon"",""all_points_x"":[341,242,247,26,617,639,830,947,341],""all_points_y"":[55,416,445,707,965,952,663,264,55]}","{""class"":""3""}"
laptop (36).jpg,25487,"{}",1,0,"{""name"":""polygon"",""all_points_x"":[56,10,493,448,450,443,59,53,56],""all_points_y"":[160,109,105,162,416,421,425,410,160]}","{""class"":""3""}"
laptop (37).jpg,222468,"{}",1,0,"{""name"":""polygon"",""all_points_x"":[225,228,73,126,1398,1424,1285,1285,261,225],""all_points_y"":[347,1034,1203,1219,1219,1206,1021,324,320,347]}","{""class"":""3""}"
laptop (38).jpg,1402370,"{}",1,0,"{""name"":""polygon"",""all_points_x"":[247,2321,2354,2332,2899,2871,528,225,214,247],""all_points_y"":[332,337,388,1753,2186,2236,2360,1860,371,332]}","{""class"":""3""}"
laptop (39).jpg,58047,"{}",1,0,"{""name"":""polygon"",""all_points_x"":[175,160,159,87,102,684,697,624,627,606,175],""all_points_y"":[14,23,319,407,419,417,405,310,19,13,14]}","{""class"":""3""}"
laptop (40).jpg,143787,"{}",1,0,"{""name"":""polygon"",""all_points_x"":[341,315,349,258,190,186,212,1198,1196,1014,1021,1051,341],""all_points_y"":[4,32,486,682,825,871,881,883,766,474,474,16,4]}","{""class"":""3""}"
laptop (41).jpg,15768,"{}",1,0,"{""name"":""polygon"",""all_points_x"":[137,12,20,208,297,446,466,221,340,339,137],""all_points_y"":[41,267,299,335,329,314,288,264,22,10,41]}","{""class"":""3""}"
laptop (42).jpg,39519,"{}",1,0,"{""name"":""polygon"",""all_points_x"":[131,135,48,57,644,667,588,591,136,131],""all_points_y"":[47,326,396,407,408,400,326,39,40,47]}","{""class"":""3""}"
laptop (43).jpg,148883,"{}",2,0,"{""name"":""polygon"",""all_points_x"":[82,94,111,125,436,457,397,378,85,82],""all_points_y"":[131,332,417,426,388,373,306,111,125,131]}","{""class"":""3""}"
laptop (43).jpg,148883,"{}",2,1,"{""name"":""polygon"",""all_points_x"":[669,676,766,1017,1016,925,909,669],""all_points_y"":[113,293,360,340,324,280,99,113]}","{""class"":""3""}"
laptop (44).jpg,13943,"{}",1,0,"{""name"":""polygon"",""all_points_x"":[47,38,43,49,302,307,307,297,311,349,336,14,0,39,47],""all_points_y"":[166,159,8,2,4,15,161,172,170,217,230,230,220,174,166]}","{""class"":""3""}"
laptop (45).jpg,9469,"{}",1,0,"{""name"":""polygon"",""all_points_x"":[80,332,454,446,217,27,17,168,73,80],""all_points_y"":[142,144,321,329,406,359,349,316,147,142]}","{""class"":""3""}"
laptop (46).jpg,64448,"{}",1,0,"{""name"":""polygon"",""all_points_x"":[153,149,159,439,449,440,468,462,142,145,153],""all_points_y"":[270,88,75,76,87,275,343,353,353,316,270]}","{""class"":""3""}"
laptop (47).jpg,175367,"{}",1,0,"{""name"":""polygon"",""all_points_x"":[329,333,298,304,729,724,693,696,329],""all_points_y"":[125,351,391,399,402,389,354,118,125]}","{""class"":""3""}"
laptop (48).jpg,399391,"{}",1,0,"{""name"":""polygon"",""all_points_x"":[555,1150,1052,661,53,53,455,555],""all_points_y"":[285,180,730,1020,920,899,679,285]}","{""class"":""3""}"
laptop (49).jpg,86814,"{}",1,0,"{""name"":""polygon"",""all_points_x"":[262,348,747,1293,1297,910,835,264,262],""all_points_y"":[112,626,914,815,793,584,172,101,112]}","{""class"":""3""}"
laptop (50).jpg,173012,"{}",1,0,"{""name"":""polygon"",""all_points_x"":[363,361,256,276,1285,1309,1188,1205,1188,363],""all_points_y"":[0,597,811,831,829,813,591,24,6,0]}","{""class"":""3""}"
mobile (1).jpg,51905,"{}",1,0,"{""name"":""polygon"",""all_points_x"":[523,483,471,459,468,480,725,741,751,729,746,744,754,753,729,523],""all_points_y"":[48,58,89,530,645,658,658,637,591,554,529,437,178,79,55,48]}","{""class"":""4""}"
mobile (2).jpg,48680,"{}",1,0,"{""name"":""polygon"",""all_points_x"":[246,385,419,576,606,696,469,384,364,328,230,237,246],""all_points_y"":[69,17,24,343,393,538,537,388,330,302,103,74,69]}","{""class"":""4""}"
mobile (3).jpg,30913,"{}",1,0,"{""name"":""polygon"",""all_points_x"":[240,222,213,213,212,230,360,376,379,379,364,240],""all_points_y"":[6,9,21,288,331,349,348,339,311,27,7,6]}","{""class"":""4""}"
mobile (4).jpg,17277,"{}",1,0,"{""name"":""polygon"",""all_points_x"":[235,100,72,93,108,144,181,220,527,533,476,399,235],""all_points_y"":[216,263,290,363,384,427,437,429,296,262,211,169,216]}","{""class"":""4""}"
mobile (5).jpg,13708,"{}",2,0,"{""name"":""polygon"",""all_points_x"":[483,403,420,437,451,537,493,483],""all_points_y"":[20,181,209,230,215,57,15,20]}","{""class"":""4""}"
mobile (5).jpg,13708,"{}",2,1,"{""name"":""polygon"",""all_points_x"":[173,162,99,94,91,97,167,176,173],""all_points_y"":[251,245,262,268,457,464,469,459,251]}","{""class"":""4""}"
mobile (6).jpg,57824,"{}",1,0,"{""name"":""polygon"",""all_points_x"":[438,422,410,320,325,338,584,602,611,627,685,674,438],""all_points_y"":[13,13,31,549,574,586,623,602,546,449,72,56,13]}","{""class"":""4""}"
mobile (7).jpg,20184,"{}",1,0,"{""name"":""polygon"",""all_points_x"":[23,269,283,280,268,18,5,6,23],""all_points_y"":[7,8,23,530,545,545,532,15,7]}","{""class"":""4""}"
mobile (8).jpg,28856,"{}",1,0,"{""name"":""polygon"",""all_points_x"":[16,147,298,358,370,368,129,5,8,2,16],""all_points_y"":[18,10,8,21,650,715,726,715,192,31,18]}","{""class"":""4""}"
mobile (9).jpg,17869,"{}",1,0,"{""name"":""polygon"",""all_points_x"":[252,236,225,227,238,401,416,412,402,252],""all_points_y"":[46,47,63,444,456,458,439,58,43,46]}","{""class"":""4""}"
mobile (10).jpg,18382,"{}",1,0,"{""name"":""polygon"",""all_points_x"":[196,177,174,176,186,278,292,294,279,196],""all_points_y"":[135,145,301,357,370,372,362,145,139,135]}","{""class"":""4""}"
mobile (11).jpg,23842,"{}",1,0,"{""name"":""polygon"",""all_points_x"":[413,390,379,375,401,582,608,613,606,583,413],""all_points_y"":[21,31,46,492,520,519,496,131,48,23,21]}","{""class"":""4""}"
mobile (12).jpg,41268,"{}",1,0,"{""name"":""polygon"",""all_points_x"":[642,455,455,538,558,568,750,746,652,642],""all_points_y"":[73,275,294,371,377,375,180,166,77,73]}","{""class"":""4""}"
mobile (13).jpg,73238,"{}",1,0,"{""name"":""polygon"",""all_points_x"":[356,518,539,542,546,543,526,360,342,341,338,356],""all_points_y"":[77,79,88,119,469,495,505,507,491,272,94,77]}","{""class"":""4""}"
mobile (14).jpg,9089,"{}",1,0,"{""name"":""polygon"",""all_points_x"":[29,25,29,58,178,366,385,385,372,29],""all_points_y"":[73,205,229,238,239,238,222,72,65,73]}","{""class"":""4""}"
mobile (15).jpg,36181,"{}",1,0,"{""name"":""polygon"",""all_points_x"":[143,280,306,514,510,329,300,278,132,143],""all_points_y"":[65,29,32,325,355,451,454,437,88,65]}","{""class"":""4""}"
mobile (16).jpg,86924,"{}",1,0,"{""name"":""polygon"",""all_points_x"":[243,515,534,542,544,529,506,235,211,205,206,216,243],""all_points_y"":[30,30,43,68,684,709,722,717,702,671,73,38,30]}","{""class"":""4""}"
mobile (17).jpg,238758,"{}",1,0,"{""name"":""polygon"",""all_points_x"":[775,932,960,927,898,862,732,708,737,775],""all_points_y"":[95,77,90,601,624,619,631,613,121,95]}","{""class"":""4""}"
mobile (18).jpg,67463,"{}",1,0,"{""name"":""polygon"",""all_points_x"":[441,654,685,696,888,881,814,645,597,449,409,430,441],""all_points_y"":[107,35,41,55,640,680,721,775,765,254,144,115,107]}","{""class"":""4""}"
mobile (19).jpg,74689,"{}",1,0,"{""name"":""polygon"",""all_points_x"":[508,484,483,499,701,720,723,703,508],""all_points_y"":[68,86,537,560,563,542,87,68,68]}","{""class"":""4""}"
mobile (20).jpg,68346,"{}",1,0,"{""name"":""polygon"",""all_points_x"":[609,269,268,283,437,535,860,857,731,653,609],""all_points_y"":[-1,470,497,517,623,626,179,143,57,-1,-1]}","{""class"":""4""}"
mobile (21).jpg,11879,"{}",1,0,"{""name"":""polygon"",""all_points_x"":[275,258,254,268,433,446,444,429,275],""all_points_y"":[11,23,333,353,352,334,29,9,11]}","{""class"":""4""}"
mobile (22).jpg,9074,"{}",1,0,"{""name"":""polygon"",""all_points_x"":[125,191,195,175,165,156,150,142,132,129,129,85,81,92,114,125],""all_points_y"":[35,37,48,138,198,209,189,179,183,192,199,193,176,127,42,35]}","{""class"":""4""}"
mobile (23).jpg,68848,"{}",1,0,"{""name"":""polygon"",""all_points_x"":[301,282,165,155,153,164,289,301,301],""all_points_y"":[373,359,378,394,702,722,739,720,373]}","{""class"":""4""}"
mobile (24).jpg,32974,"{}",1,0,"{""name"":""polygon"",""all_points_x"":[309,295,286,292,309,474,486,494,482,476,309],""all_points_y"":[7,28,366,396,405,404,394,375,33,17,7]}","{""class"":""4""}"
mobile (25).jpg,198017,"{}",1,0,"{""name"":""polygon"",""all_points_x"":[434,720,762,804,1009,1165,1205,1187,927,863,815,443,403,434],""all_points_y"":[148,20,13,53,394,659,729,767,905,936,930,240,178,148]}","{""class"":""4""}"
mobile (26).jpg,68267,"{}",1,0,"{""name"":""polygon"",""all_points_x"":[181,442,465,472,472,449,421,166,140,135,142,157,181],""all_points_y"":[30,36,59,83,704,738,740,738,709,305,69,46,30]}","{""class"":""4""}"
mobile (27).jpg,324816,"{}",1,0,"{""name"":""polygon"",""all_points_x"":[396,369,367,364,379,428,575,621,623,613,623,619,611,621,640,628,631,633,604,535,396],""all_points_y"":[124,151,247,636,682,692,689,672,630,608,592,528,506,493,484,428,379,162,127,124,124]}","{""class"":""4""}"
mobile (28).jpg,41942,"{}",1,0,"{""name"":""polygon"",""all_points_x"":[191,482,504,501,479,191,168,173,191],""all_points_y"":[32,27,59,707,729,731,689,52,32]}","{""class"":""4""}"
mobile (29).jpg,20933,"{}",1,0,"{""name"":""polygon"",""all_points_x"":[161,255,267,259,225,219,93,103,105,145,149,161],""all_points_y"":[47,66,77,118,233,252,250,215,193,61,53,47]}","{""class"":""4""}"
mobile (30).jpg,67853,"{}",1,0,"{""name"":""polygon"",""all_points_x"":[345,532,564,560,562,537,348,320,323,345],""all_points_y"":[128,124,160,327,548,573,577,541,147,128]}","{""class"":""4""}"
mobile (31).jpg,627050,"{}",1,0,"{""name"":""polygon"",""all_points_x"":[527,714,734,755,823,822,812,641,607,587,515,527],""all_points_y"":[140,94,108,173,530,552,563,606,598,541,167,140]}","{""class"":""4""}"
mobile (32).jpg,57912,"{}",1,0,"{""name"":""polygon"",""all_points_x"":[102,78,77,75,76,87,100,276,288,287,276,102],""all_points_y"":[7,25,51,421,441,453,457,453,438,43,11,7]}","{""class"":""4""}"
mobile (33).jpg,124732,"{}",1,0,"{""name"":""polygon"",""all_points_x"":[467,388,372,386,513,541,550,673,879,904,888,858,851,862,851,832,814,818,830,819,802,795,802,721,696,467],""all_points_y"":[63,85,111,201,666,770,791,791,724,700,594,573,532,511,474,463,419,404,393,359,349,298,289,56,18,63]}","{""class"":""4""}"
mobile (34).jpg,18970,"{}",1,0,"{""name"":""polygon"",""all_points_x"":[149,301,309,311,301,201,192,179,160,23,7,2,11,129,138,149],""all_points_y"":[75,54,59,73,105,418,433,442,447,455,447,433,403,94,82,75]}","{""class"":""4""}"
mobile (35).jpg,157082,"{}",1,0,"{""name"":""polygon"",""all_points_x"":[476,448,451,473,479,485,525,708,735,702,672,476],""all_points_y"":[77,107,192,459,571,608,622,595,565,103,80,77]}","{""class"":""4""}"
mobile (36).jpg,114576,"{}",1,0,"{""name"":""polygon"",""all_points_x"":[275,251,251,259,258,263,276,488,514,520,516,512,481,275],""all_points_y"":[20,40,118,374,509,566,580,580,562,268,75,29,16,20]}","{""class"":""4""}"
mobile (37).jpg,78196,"{}",1,0,"{""name"":""polygon"",""all_points_x"":[504,466,458,458,463,504,1028,1055,1098,1118,1115,1063,595,585,504],""all_points_y"":[121,141,205,482,554,566,554,549,530,523,205,178,140,119,121]}","{""class"":""4""}"
mobile (38).jpg,25323,"{}",1,0,"{""name"":""polygon"",""all_points_x"":[29,420,429,430,420,333,305,287,17,13,15,19,29],""all_points_y"":[47,47,112,191,241,249,241,249,246,183,93,53,47]}","{""class"":""4""}"
mobile (39).jpg,79701,"{}",1,0,"{""name"":""polygon"",""all_points_x"":[24,58,224,276,291,297,295,296,276,248,150,66,30,5,8,11,24],""all_points_y"":[32,13,13,24,52,119,476,517,554,563,569,564,550,506,128,43,32]}","{""class"":""4""}"
mobile (40).jpg,21574,"{}",1,0,"{""name"":""polygon"",""all_points_x"":[331,318,314,311,303,332,358,367,380,384,373,357,337,325,306,315,326,449,475,485,479,466,331],""all_points_y"":[23,35,74,169,299,292,308,323,337,352,361,363,360,359,364,374,384,387,381,365,30,22,23]}","{""class"":""4""}"
mobile (41).jpg,143867,"{}",1,0,"{""name"":""polygon"",""all_points_x"":[243,393,401,403,386,241,224,227,243],""all_points_y"":[398,394,415,745,768,768,746,421,398]}","{""class"":""4""}"
mobile (42).jpg,64598,"{}",1,0,"{""name"":""polygon"",""all_points_x"":[348,255,247,250,289,304,319,415,418,348],""all_points_y"":[52,189,203,214,239,248,239,83,72,52]}","{""class"":""4""}"
mobile (43).jpg,35844,"{}",1,0,"{""name"":""polygon"",""all_points_x"":[439,417,209,169,166,261,311,330,345,589,583,441,439],""all_points_y"":[18,21,288,340,360,438,473,477,465,143,117,12,18]}","{""class"":""4""}"
mobile (44).jpg,109780,"{}",1,0,"{""name"":""polygon"",""all_points_x"":[444,426,256,258,354,387,409,568,562,444],""all_points_y"":[51,59,302,319,384,404,399,128,109,51]}","{""class"":""4""}"
mobile (45).jpg,41991,"{}",1,0,"{""name"":""polygon"",""all_points_x"":[269,231,216,212,207,206,222,297,438,597,663,692,707,710,701,680,652,630,622,269],""all_points_y"":[118,119,131,158,279,327,353,359,360,361,362,355,332,153,132,127,138,135,128,118]}","{""class"":""4""}"
mobile (46).jpg,104511,"{}",1,0,"{""name"":""polygon"",""all_points_x"":[340,303,293,294,287,286,286,294,319,628,654,665,663,656,628,340],""all_points_y"":[12,23,48,157,367,654,740,776,790,790,774,742,83,28,9,12]}","{""class"":""4""}"
mobile (47).jpg,28200,"{}",1,0,"{""name"":""polygon"",""all_points_x"":[65,348,376,384,377,374,349,52,21,21,19,37,65],""all_points_y"":[23,21,40,82,730,755,774,779,746,208,63,30,23]}","{""class"":""4""}"
mobile (48).jpg,89364,"{}",1,0,"{""name"":""polygon"",""all_points_x"":[385,372,360,362,370,373,379,391,564,583,592,585,593,591,598,574,385],""all_points_y"":[30,38,60,108,436,484,501,512,514,504,476,451,433,373,49,29,30]}","{""class"":""4""}"
mobile (49).jpg,31298,"{}",2,0,"{""name"":""polygon"",""all_points_x"":[358,336,324,317,316,318,336,442,448,486,483,471,358],""all_points_y"":[14,12,20,42,437,464,477,471,89,83,42,30,14]}","{""class"":""4""}"
mobile (49).jpg,31298,"{}",2,1,"{""name"":""polygon"",""all_points_x"":[569,486,445,442,440,452,460,580,602,614,613,612,600,569],""all_points_y"":[75,83,94,435,506,520,528,541,539,518,212,93,78,75]}","{""class"":""4""}"
mobile (50).jpg,37871,"{}",1,0,"{""name"":""polygon"",""all_points_x"":[529,673,677,675,670,665,667,668,668,659,500,491,498,509,515,509,521,529],""all_points_y"":[37,56,72,122,234,332,348,375,385,393,386,375,297,198,176,149,47,37]}","{""class"":""4""}"
shoe (1).jpg,179701,"{}",1,0,"{""name"":""polygon"",""all_points_x"":[276,291,323,390,434,497,494,529,545,624,728,836,912,969,985,975,865,738,618,513,399,358,304,234,136,89,120,124,114,136,209,257,276],""all_points_y"":[402,326,295,285,336,450,488,494,538,599,694,738,776,792,846,884,956,985,998,982,947,918,880,842,801,744,662,421,405,383,367,383,402]}","{""class"":""5""}"
shoe (2).jpg,37781,"{}",1,0,"{""name"":""polygon"",""all_points_x"":[121,110,94,82,77,74,61,32,20,34,69,120,172,228,290,304,326,421,461,497,564,572,568,490,451,399,375,333,297,239,219,211,198,189,188,178,143,121],""all_points_y"":[197,166,162,173,192,209,219,322,351,369,382,393,389,391,394,385,392,394,384,386,358,342,312,279,269,233,219,198,166,125,133,147,160,171,183,197,207,197]}","{""class"":""5""}"
shoe (3).jpg,18655,"{}",1,0,"{""name"":""polygon"",""all_points_x"":[103,135,184,233,239,262,319,375,407,490,514,529,518,447,329,165,86,78,86,103],""all_points_y"":[244,262,267,248,226,197,246,279,299,317,326,365,373,393,404,398,393,345,280,244]}","{""class"":""5""}"
shoe (4).jpg,95766,"{}",1,0,"{""name"":""polygon"",""all_points_x"":[168,142,96,75,39,23,191,380,429,476,887,1083,1083,1037,814,714,672,649,577,571,527,491,419,331,339,390,403,385,287,233,209,168],""all_points_y"":[429,421,463,540,703,802,825,825,817,835,838,773,706,670,613,546,491,491,455,427,437,396,357,362,403,460,471,491,517,515,465,429]}","{""class"":""5""}"
shoe (5).jpg,109960,"{}",1,0,"{""name"":""polygon"",""all_points_x"":[793,748,691,451,282,134,102,88,120,173,272,402,716,973,1199,1192,1167,1118,1121,1157,1107,1093,1061,1033,991,949,871,815,818,825,793],""all_points_y"":[596,642,733,850,910,949,980,1037,1072,1121,1132,1160,1153,1157,1114,1012,970,920,864,850,755,765,719,691,723,762,793,755,673,617,596]}","{""class"":""5""}"
shoe (6).jpg,656791,"{}",1,0,"{""name"":""polygon"",""all_points_x"":[169,70,70,18,18,41,47,198,339,403,718,1103,1728,1827,2154,2358,2556,2656,2679,2586,2335,2054,1751,1453,1296,1150,1097,946,776,391,169],""all_points_y"":[64,111,700,870,1161,1302,1482,1687,1792,1745,2090,2428,2632,2638,2626,2609,2516,2364,2224,2078,1827,1634,1372,1004,700,333,228,58,6,41,64]}","{""class"":""5""}"
shoe (7).jpg,99219,"{}",1,0,"{""name"":""polygon"",""all_points_x"":[374,336,273,183,119,81,48,31,43,65,97,79,111,188,211,283,393,509,522,541,601,600,589,585,569,551,496,465,447,414,374],""all_points_y"":[128,147,204,261,292,308,330,358,374,396,400,412,436,443,450,441,419,399,349,328,293,273,262,211,172,145,133,166,145,129,128]}","{""class"":""5""}"
shoe (8).jpg,23805,"{}",1,0,"{""name"":""polygon"",""all_points_x"":[107,79,61,54,57,42,36,36,49,104,168,189,277,375,463,500,552,570,559,540,471,447,405,342,323,299,269,245,232,206,182,163,151,122,113,107],""all_points_y"":[80,69,84,114,136,165,214,239,256,271,279,282,301,308,301,285,279,259,212,189,174,164,144,122,103,87,69,67,73,89,96,88,69,68,69,80]}","{""class"":""5""}"
shoe (9).jpg,39482,"{}",1,0,"{""name"":""polygon"",""all_points_x"":[258,231,218,218,201,174,159,132,118,115,112,104,93,74,79,100,289,338,440,494,527,522,474,342,307,279,278,270,262,258],""all_points_y"":[174,182,215,254,276,280,247,229,235,278,308,330,342,375,402,416,422,426,428,416,393,362,338,292,271,252,235,230,185,174]}","{""class"":""5""}"
shoe (10).jpg,806205,"{}",1,0,"{""name"":""polygon"",""all_points_x"":[731,702,626,526,490,446,467,570,722,811,896,1107,1251,1351,1483,1554,1601,1609,1574,1495,1395,1275,1128,1084,1119,1087,1043,996,990,937,893,863,858,772,731],""all_points_y"":[147,82,88,144,247,379,493,626,769,910,1028,1163,1186,1207,1192,1142,1084,1001,931,884,790,678,511,473,435,364,317,332,291,264,235,235,264,194,147]}","{""class"":""5""}"
shoe (11).jpg,352513,"{}",1,0,"{""name"":""polygon"",""all_points_x"":[1039,1257,1404,1542,1653,1673,1713,1721,1741,1725,1685,1622,1495,1356,1237,1122,944,702,393,202,79,75,87,111,218,408,630,829,896,1039],""all_points_y"":[678,591,511,476,599,726,872,916,944,1102,1150,1225,1269,1289,1360,1471,1558,1578,1534,1479,1411,1304,1201,1114,1043,999,841,638,619,678]}","{""class"":""5""}"
shoe (12).jpg,66471,"{}",1,0,"{""name"":""polygon"",""all_points_x"":[690,641,619,633,617,590,554,454,386,343,298,246,197,163,159,233,346,608,710,840,922,940,944,937,927,941,948,948,940,938,830,714,690],""all_points_y"":[170,168,235,246,265,289,317,368,384,411,429,438,443,475,530,562,587,589,586,579,579,565,494,424,322,316,271,254,241,205,187,173,170]}","{""class"":""5""}"
shoe (13).jpg,370600,"{}",1,0,"{""name"":""polygon"",""all_points_x"":[447,387,365,340,306,283,268,248,233,218,233,260,333,365,484,532,566,677,735,776,812,818,799,721,674,630,579,512,462,447],""all_points_y"":[240,277,312,333,323,299,287,292,320,406,447,472,481,463,466,469,478,482,465,453,418,389,362,364,352,331,306,274,251,240]}","{""class"":""5""}"
shoe (14).jpg,24282,"{}",1,0,"{""name"":""polygon"",""all_points_x"":[246,214,198,198,201,174,147,132,107,96,77,57,53,42,37,34,40,22,28,62,133,180,190,305,373,445,515,568,588,597,584,556,494,420,365,299,268,243,246],""all_points_y"":[210,200,207,234,244,263,279,276,264,247,237,237,250,296,321,349,365,382,419,433,437,433,422,427,433,426,414,395,381,348,322,311,304,285,262,226,219,223,210]}","{""class"":""5""}"
shoe (15).jpg,194556,"{}",1,0,"{""name"":""polygon"",""all_points_x"":[428,410,390,341,287,281,176,146,119,134,194,252,294,362,399,425,468,548,571,553,517,462,428],""all_points_y"":[65,84,134,167,183,216,414,455,515,551,569,565,545,494,419,368,353,278,233,182,113,59,65]}","{""class"":""5""}"
shoe (16).jpg,69517,"{}",1,0,"{""name"":""polygon"",""all_points_x"":[332,305,245,209,177,181,215,243,264,319,410,532,635,665,731,729,623,564,491,491,429,364,332],""all_points_y"":[154,133,181,270,305,337,408,468,461,672,775,857,919,910,869,823,594,474,326,300,245,177,154]}","{""class"":""5""}"
shoe (17).jpg,22730,"{}",1,0,"{""name"":""polygon"",""all_points_x"":[255,233,214,191,126,102,68,48,34,27,21,23,55,142,165,167,179,204,227,266,299,312,324,337,353,359,359,360,351,330,302,287,274,255],""all_points_y"":[80,77,86,103,174,187,192,196,201,216,228,237,242,252,249,231,220,209,191,154,110,89,87,93,94,101,98,82,70,71,79,86,91,80]}","{""class"":""5""}"
shoe (18).jpg,330228,"{}",1,0,"{""name"":""polygon"",""all_points_x"":[597,529,476,439,396,344,307,296,349,465,592,767,825,973,1263,1596,2046,2083,2078,1951,1755,1628,1485,1263,1158,994,946,819,782,714,634,597],""all_points_y"":[767,872,999,1052,1105,1168,1290,1401,1459,1570,1581,1607,1655,1739,1829,1951,1908,1877,1739,1581,1459,1337,1211,1068,952,841,804,841,846,777,735,767]}","{""class"":""5""}"
shoe (19).jpg,112746,"{}",1,0,"{""name"":""polygon"",""all_points_x"":[786,656,409,310,173,127,102,88,173,416,793,1111,1202,1146,1135,1114,1157,1121,1047,1001,945,853,843,832,786],""all_points_y"":[628,751,860,903,924,952,984,1033,1107,1150,1135,1121,1086,945,818,772,652,649,702,755,733,705,659,628,628]}","{""class"":""5""}"
shoe (20).jpg,76979,"{}",1,0,"{""name"":""polygon"",""all_points_x"":[767,479,276,138,110,135,268,431,727,956,1125,1159,1170,1125,1105,1088,1054,1009,950,871,829,787,804,795,767],""all_points_y"":[524,691,787,832,868,919,961,970,959,959,947,916,849,809,719,643,598,626,665,665,626,603,567,533,524]}","{""class"":""5""}"
shoe (21).jpg,92936,"{}",1,0,"{""name"":""polygon"",""all_points_x"":[310,288,258,226,210,190,167,132,119,124,144,212,340,419,566,711,772,853,936,1026,1061,1071,1062,1024,955,900,808,753,688,593,578,536,505,489,463,454,417,378,330,310],""all_points_y"":[63,15,0,19,41,79,105,157,199,270,303,345,378,419,456,517,520,513,500,467,445,412,364,333,351,346,333,285,215,147,110,79,57,48,85,107,110,111,85,63]}","{""class"":""5""}"
shoe (22).jpg,40724,"{}",1,0,"{""name"":""polygon"",""all_points_x"":[303,270,234,196,186,157,131,97,67,25,36,36,46,36,56,177,233,298,373,394,419,545,627,743,771,774,746,709,629,536,480,387,357,342,328,303],""all_points_y"":[60,42,65,97,110,93,71,78,93,157,229,284,304,348,395,435,454,488,528,521,536,529,514,455,422,390,335,313,282,223,172,107,63,65,52,60]}","{""class"":""5""}"
shoe (23).jpg,11462,"{}",2,0,"{""name"":""polygon"",""all_points_x"":[152,135,130,122,112,107,97,93,113,124,133,171,193,223,262,282,289,287,261,247,243,219,207,209,205,183,163,152],""all_points_y"":[47,53,55,54,71,105,139,151,179,182,186,227,241,251,255,246,231,213,192,172,159,125,98,77,57,51,50,47]}","{""class"":""5""}"
shoe (23).jpg,11462,"{}",2,1,"{""name"":""polygon"",""all_points_x"":[69,53,33,18,13,20,33,53,77,105,124,139,154,137,127,119,110,97,93,69],""all_points_y"":[152,157,166,178,191,207,219,221,225,217,211,212,211,191,185,180,177,159,148,152]}","{""class"":""5""}"
shoe (24).jpg,36234,"{}",1,0,"{""name"":""polygon"",""all_points_x"":[258,227,192,167,149,133,127,119,128,122,108,98,106,127,149,189,229,264,284,287,276,270,272,262,264,258],""all_points_y"":[89,53,48,59,73,106,153,190,213,256,307,357,415,476,525,552,551,517,453,393,341,229,194,137,108,89]}","{""class"":""5""}"
shoe (25).jpg,13143,"{}",1,0,"{""name"":""polygon"",""all_points_x"":[225,203,190,176,162,160,142,109,89,67,58,40,38,26,23,23,39,175,309,390,473,491,501,499,462,385,368,329,270,225],""all_points_y"":[37,22,17,27,44,63,68,62,56,43,39,49,82,123,152,190,200,218,238,236,213,203,174,149,142,121,114,97,63,37]}","{""class"":""5""}"
shoe (26).jpg,13026,"{}",1,0,"{""name"":""polygon"",""all_points_x"":[145,109,69,45,32,19,22,16,10,9,48,167,230,304,341,345,341,319,260,213,179,165,157,150,145],""all_points_y"":[179,164,145,143,155,167,189,216,221,248,276,351,364,367,348,322,305,289,254,219,186,172,169,173,179]}","{""class"":""5""}"
shoe (27).jpg,148039,"{}",1,0,"{""name"":""polygon"",""all_points_x"":[762,617,391,247,148,102,88,130,236,317,420,536,677,818,973,1118,1202,1146,1121,1107,1072,1047,1005,984,952,885,836,797,779,793,740,762],""all_points_y"":[663,786,874,913,927,959,1001,1044,1111,1142,1150,1142,1139,1128,1153,1114,1037,963,924,807,751,723,730,772,800,776,776,776,723,673,677,663]}","{""class"":""5""}"
shoe (28).jpg,24356,"{}",1,0,"{""name"":""polygon"",""all_points_x"":[219,123,100,77,60,53,46,42,50,54,90,130,137,165,191,256,319,376,388,389,374,365,355,325,312,303,287,279,269,256,235,230,219],""all_points_y"":[286,256,242,240,237,254,289,324,342,358,365,369,369,372,384,389,377,362,351,339,329,326,320,307,307,292,290,289,279,275,274,279,286]}","{""class"":""5""}"
shoe (29).JPG,19489,"{}",1,0,"{""name"":""polygon"",""all_points_x"":[136,109,86,70,55,42,37,49,53,75,100,139,200,282,335,354,358,359,352,312,260,218,195,181,165,146,136],""all_points_y"":[192,179,163,163,177,204,229,266,285,300,313,339,371,378,370,359,332,323,307,285,249,222,194,182,177,184,192]}","{""class"":""5""}"
shoe (30).JPG,14867,"{}",1,0,"{""name"":""polygon"",""all_points_x"":[172,196,243,295,302,336,350,362,357,334,316,270,218,184,167,157,149,113,78,53,45,48,47,58,67,82,94,99,116,135,143,149,149,172],""all_points_y"":[209,223,259,281,289,296,301,319,347,367,373,389,388,383,366,369,379,384,388,369,342,325,294,261,248,233,241,256,257,244,234,224,210,209]}","{""class"":""5""}"
shoe (31).jpg,13152,"{}",1,0,"{""name"":""polygon"",""all_points_x"":[129,115,92,77,76,81,83,152,169,166,230,302,399,457,498,503,465,395,375,339,301,201,168,136,129],""all_points_y"":[293,312,340,379,399,408,489,495,489,431,449,494,499,489,480,466,442,421,425,422,411,358,335,308,293]}","{""class"":""5""}"
shoe (32).jpg,117022,"{}",1,0,"{""name"":""polygon"",""all_points_x"":[476,486,418,381,338,307,349,333,365,624,1100,1438,1702,1951,2067,2046,1982,1850,1565,1411,1242,1115,1078,1110,1126,1084,936,619,476],""all_points_y"":[1411,1300,1263,1385,1507,1676,1797,1972,2019,2019,2051,2014,1956,1908,1861,1766,1692,1660,1633,1565,1475,1422,1459,1528,1549,1581,1538,1464,1411]}","{""class"":""5""}"
shoe (33).jpg,15064,"{}",1,0,"{""name"":""polygon"",""all_points_x"":[212,193,188,152,104,93,83,35,8,6,19,58,112,177,229,287,331,356,392,386,370,361,358,349,312,282,270,254,235,230,212],""all_points_y"":[6,67,94,121,156,171,189,214,233,264,273,286,299,296,276,255,242,237,219,179,129,90,49,14,16,11,5,1,8,13,6]}","{""class"":""5""}"
shoe (34).jpg,87730,"{}",1,0,"{""name"":""polygon"",""all_points_x"":[593,480,392,328,262,207,181,181,150,123,130,154,159,167,181,269,392,438,469,533,804,1004,1249,1379,1410,1403,1419,1412,1355,1256,1137,969,795,740,700,656,610,593],""all_points_y"":[227,196,156,130,119,137,174,222,297,361,443,500,544,615,654,676,698,685,705,762,879,888,874,839,802,769,742,698,667,645,588,423,247,176,176,196,240,227]}","{""class"":""5""}"
shoe (35).jpg,112964,"{}",1,0,"{""name"":""polygon"",""all_points_x"":[317,269,235,194,157,119,109,102,102,82,56,75,121,237,315,337,388,448,499,606,712,911,1056,1064,1032,972,880,729,642,533,485,414,395,371,317],""all_points_y"":[351,300,291,313,325,363,424,482,535,591,657,715,746,797,797,785,797,843,875,896,894,817,724,676,628,594,581,492,390,291,293,293,300,337,351]}","{""class"":""5""}"
shoe (36).jpg,25627,"{}",1,0,"{""name"":""polygon"",""all_points_x"":[171,135,96,71,60,55,67,53,42,40,59,148,197,267,338,417,474,528,566,580,583,579,568,549,527,497,463,440,407,343,308,280,266,244,223,205,186,175,171],""all_points_y"":[78,58,55,64,78,93,108,132,179,241,250,279,280,302,317,310,299,289,273,263,241,216,213,190,184,179,165,151,136,101,69,59,39,25,30,43,58,70,78]}","{""class"":""5""}"
shoe (37).jpg,136291,"{}",1,0,"{""name"":""polygon"",""all_points_x"":[895,862,760,595,519,492,449,317,221,169,165,129,63,66,43,36,135,287,525,849,1143,1318,1460,1490,1457,1444,1470,1470,1441,1401,1361,1384,1203,1047,895],""all_points_y"":[449,588,694,776,826,872,889,876,862,902,932,932,1031,1074,1110,1160,1259,1275,1315,1312,1318,1305,1312,1180,1146,1133,1087,971,876,760,588,476,430,426,449]}","{""class"":""5""}"
shoe (38).jpg,45995,"{}",2,0,"{""name"":""polygon"",""all_points_x"":[461,335,268,186,91,53,24,22,42,82,123,131,191,253,316,380,417,441,464,494,559,587,523,461],""all_points_y"":[149,122,114,104,108,127,157,199,239,271,292,299,295,272,223,180,159,168,193,197,184,176,159,149]}","{""class"":""5""}"
shoe (38).jpg,45995,"{}",2,1,"{""name"":""polygon"",""all_points_x"":[110,83,77,63,54,72,122,184,266,348,417,475,502,542,543,587,656,674,679,676,669,679,676,663,645,600,564,500,460,444,414,378,320,261,217,177,130,110],""all_points_y"":[307,331,353,360,389,411,437,452,468,471,460,419,407,392,416,416,393,375,329,308,297,253,208,180,168,177,182,195,191,170,158,182,220,262,293,299,298,307]}","{""class"":""5""}"
shoe (39).jpg,93052,"{}",1,0,"{""name"":""polygon"",""all_points_x"":[957,841,731,633,499,378,306,131,64,59,203,461,628,785,988,1230,1335,1446,1428,1438,1407,1392,1369,1310,1263,1212,1199,1148,1101,1083,1037,988,957],""all_points_y"":[252,262,340,432,507,641,664,731,790,854,942,962,988,991,916,826,800,744,718,628,473,419,337,327,347,360,376,334,319,278,242,242,252]}","{""class"":""5""}"
shoe (40).jpg,202048,"{}",1,0,"{""name"":""polygon"",""all_points_x"":[302,266,208,127,89,71,58,46,53,53,38,58,94,167,246,337,400,449,456,484,578,781,902,1009,1130,1265,1265,1237,1201,1143,1054,943,841,735,664,628,603,598,580,560,527,499,449,405,390,385,357,302],""all_points_y"":[233,175,160,203,226,251,314,352,466,573,669,753,803,849,869,864,834,869,917,965,1011,1044,1021,991,933,819,788,735,656,618,573,509,436,324,264,233,205,200,203,226,180,155,172,198,220,256,258,233]}","{""class"":""5""}"
shoe (41).jpg,193063,"{}",1,0,"{""name"":""polygon"",""all_points_x"":[378,304,228,127,99,79,56,46,33,104,185,261,324,380,413,492,585,699,798,892,1097,1247,1270,1249,1227,1176,1054,905,902,725,666,649,606,575,507,446,421,378],""all_points_y"":[284,238,200,236,258,335,507,578,682,829,834,862,874,834,816,927,993,1024,1019,1009,925,811,778,725,651,603,558,487,481,355,269,251,231,210,193,205,238,284]}","{""class"":""5""}"
shoe (42).jpg,197287,"{}",1,0,"{""name"":""polygon"",""all_points_x"":[324,264,248,223,188,142,109,84,71,41,51,48,66,117,157,251,294,352,378,443,476,547,631,732,867,993,1158,1270,1252,1214,1166,1080,950,844,692,634,575,540,504,466,428,390,350,380,347,324],""all_points_y"":[258,210,185,177,200,228,241,375,545,593,656,742,783,819,826,857,869,846,834,887,953,993,1009,1016,986,948,884,783,732,687,611,573,522,418,352,281,231,228,193,170,175,132,160,198,248,258]}","{""class"":""5""}"
shoe (43).jpg,194827,"{}",1,0,"{""name"":""polygon"",""all_points_x"":[390,352,312,279,241,198,203,188,119,104,104,124,99,99,94,66,41,43,114,188,274,350,388,464,512,666,819,950,1069,1237,1272,1232,1188,1069,971,864,813,773,707,646,618,580,542,479,436,390],""all_points_y"":[261,231,188,160,175,188,147,119,147,160,231,258,327,431,489,547,656,758,811,844,867,859,836,948,996,1052,1052,1019,973,869,808,707,656,616,547,438,370,337,296,251,215,226,185,188,200,261]}","{""class"":""5""}"
shoe (44).jpg,57164,"{}",1,0,"{""name"":""polygon"",""all_points_x"":[526,465,444,391,349,309,280,262,238,209,230,225,341,465,632,737,991,1205,1356,1478,1567,1594,1570,1533,1478,1337,1250,1041,875,798,714,677,611,539,526],""all_points_y"":[433,447,394,322,322,341,386,510,629,714,811,862,904,904,909,904,912,896,848,798,730,663,587,531,537,534,505,418,357,307,278,293,354,420,433]}","{""class"":""5""}"
shoe (45).jpg,245720,"{}",1,0,"{""name"":""polygon"",""all_points_x"":[613,547,447,394,349,312,299,272,254,278,238,248,441,560,711,804,843,954,1092,1311,1448,1549,1596,1583,1530,1406,1258,1063,954,822,743,708,685,666,613],""all_points_y"":[407,428,391,352,336,402,426,658,703,716,740,827,878,891,851,827,851,896,899,878,841,761,645,595,555,563,513,473,391,317,296,304,352,383,407]}","{""class"":""5""}"
shoe (46).jpg,147506,"{}",1,0,"{""name"":""polygon"",""all_points_x"":[378,304,235,185,161,130,103,95,124,196,241,296,360,439,492,558,574,656,749,815,860,870,841,743,659,590,537,471,447,421,397,378],""all_points_y"":[93,63,37,37,82,214,278,341,368,421,344,315,323,394,418,500,540,537,542,495,447,389,360,302,254,196,138,111,77,58,77,93]}","{""class"":""5""}"
shoe (47).jpg,513721,"{}",1,0,"{""name"":""polygon"",""all_points_x"":[504,431,408,381,328,305,312,288,262,235,199,159,139,109,103,73,70,53,345,501,537,663,726,925,1071,1084,1127,1154,1197,1293,1392,1422,1472,1525,1624,1747,1813,1856,1900,1956,2082,2175,2231,2268,2304,2460,2513,2533,2480,1916,1667,1488,1316,1203,965,885,832,772,756,749,772,660,504,504],""all_points_y"":[491,428,308,272,272,298,332,361,348,361,451,564,653,835,925,1101,1200,1362,1455,1452,1416,1422,1455,1452,1313,1230,1256,1396,1432,1455,1425,1369,1382,1439,1479,1465,1445,1366,1406,1439,1439,1412,1319,1329,1349,1309,1200,1048,869,812,670,560,448,361,361,355,315,332,355,398,434,474,517,491]}","{""class"":""5""}"
shoe (48).jpg,220884,"{}",1,0,"{""name"":""polygon"",""all_points_x"":[714,561,467,382,319,233,184,144,90,175,355,570,736,1100,1289,1491,1670,1702,1643,1594,1432,1253,1060,907,772,714],""all_points_y"":[988,1037,1104,1037,965,983,1109,1266,1495,1585,1648,1742,1809,1872,1895,1845,1787,1733,1630,1558,1486,1374,1266,1136,1042,988]}","{""class"":""5""}"
shoe (49).jpg,307996,"{}",1,0,"{""name"":""polygon"",""all_points_x"":[629,507,391,296,242,211,242,355,301,216,135,76,36,40,40,130,242,458,790,1199,1477,1657,1729,1724,1607,1571,1585,1553,1491,1289,1221,1042,983,826,651,629],""all_points_y"":[929,871,822,884,952,1046,1113,1239,1284,1289,1302,1342,1513,1598,1657,1697,1782,1800,1881,1926,1917,1845,1782,1670,1531,1504,1446,1342,1311,1118,1006,938,858,849,902,929]}","{""class"":""5""}"
shoe (50).jpg,297076,"{}",1,0,"{""name"":""polygon"",""all_points_x"":[610,575,555,502,515,498,471,430,425,412,390,374,322,284,269,335,385,441,513,637,771,901,938,956,934,914,894,841,806,738,672,610],""all_points_y"":[390,434,425,496,515,537,524,586,599,619,639,672,707,760,795,905,943,958,958,923,837,769,727,637,540,458,421,372,379,381,392,390]}","{""class"":""5""}"
watch (1).jpg,226518,"{}",1,0,"{""name"":""polygon"",""all_points_x"":[350,315,291,267,242,229,238,286,302,311,333,350,372,383,504,612,626,650,659,652,696,725,727,714,692,665,645,648,643,626,604,526,432,390,372,370,355,350],""all_points_y"":[200,218,289,350,403,478,601,659,718,747,756,835,927,989,991,985,947,830,698,630,522,526,474,447,454,379,350,271,148,68,9,4,4,11,53,119,163,200]}","{""class"":""6""}"
watch (2).jpg,147787,"{}",1,0,"{""name"":""polygon"",""all_points_x"":[439,682,730,740,777,788,819,867,888,846,867,925,920,878,830,788,777,735,735,439,428,375,359,270,264,312,370,359,418,439],""all_points_y"":[26,21,42,259,275,375,418,402,449,492,555,555,634,634,788,830,920,973,1168,1179,962,941,819,698,529,444,359,285,243,26]}","{""class"":""6""}"
watch (3).jpg,638123,"{}",2,0,"{""name"":""polygon"",""all_points_x"":[677,941,1094,1136,1184,1253,1305,1364,1416,1422,1411,1395,1422,1395,1443,1506,1105,994,904,788,698,677,677,729,724,677],""all_points_y"":[492,391,423,470,470,544,566,618,724,814,925,1052,1163,1221,1549,1786,1771,1358,1274,1168,1047,951,835,655,581,492]}","{""class"":""6""}"
watch (3).jpg,638123,"{}",2,1,"{""name"":""polygon"",""all_points_x"":[1924,1871,1855,1781,1723,1681,1644,1623,1612,1633,1649,1654,1665,1691,1612,1607,1586,1945,2088,2135,2257,2373,2384,2326,2326,2331,2326,1940,1924],""all_points_y"":[391,418,476,513,560,597,687,772,877,946,1025,1105,1168,1189,1570,1749,1792,1792,1300,1279,1136,994,735,608,534,476,423,338,391]}","{""class"":""6""}"
watch (4).jpg,107191,"{}",1,0,"{""name"":""polygon"",""all_points_x"":[1055,1047,1023,1004,976,916,900,897,924,972,996,1012,1043,1051,1083,1254,1341,1353,1380,1412,1464,1503,1511,1484,1416,1388,1357,1357,1055],""all_points_y"":[365,540,579,631,698,789,893,960,1051,1111,1178,1230,1238,1424,1444,1444,1448,1238,1226,1142,1067,1008,900,742,678,575,555,365,365]}","{""class"":""6""}"
watch (5).jpg,124573,"{}",1,0,"{""name"":""polygon"",""all_points_x"":[104,118,158,208,234,288,331,366,398,418,579,595,579,560,534,526,464,318,278,253,230,3,30,46,59,104],""all_points_y"":[294,264,222,182,166,165,157,146,149,136,266,290,323,349,424,478,544,574,587,613,658,622,501,453,394,294]}","{""class"":""6""}"
watch (6).jpg,62953,"{}",1,0,"{""name"":""polygon"",""all_points_x"":[208,206,186,178,174,166,155,142,126,144,162,181,189,210,210,358,366,387,411,430,446,453,454,424,410,390,370,358,208],""all_points_y"":[94,158,168,189,218,240,254,278,334,395,426,499,514,523,635,638,525,512,434,397,382,374,302,264,240,174,165,91,94]}","{""class"":""6""}"
watch (7).jpg,21231,"{}",1,0,"{""name"":""polygon"",""all_points_x"":[139,143,158,277,280,297,298,305,329,340,342,335,314,303,291,276,273,271,148,135,123,112,79,69,76,112,117,126,142,139],""all_points_y"":[105,53,34,36,117,122,159,193,218,271,303,335,371,381,432,443,519,528,531,434,430,382,339,282,229,185,145,116,112,105]}","{""class"":""6""}"
watch (8).jpg,625057,"{}",1,0,"{""name"":""polygon"",""all_points_x"":[869,1040,1067,1100,1095,1067,1051,1051,963,886,853,809,798,875,869],""all_points_y"":[275,281,968,979,1309,1326,1535,2289,2399,2278,1359,1298,985,952,275]}","{""class"":""6""}"
watch (9).jpg,172856,"{}",1,0,"{""name"":""polygon"",""all_points_x"":[630,592,465,406,393,436,507,592,605,715,812,880,1256,1370,1489,1514,1446,1391,1235,740,630],""all_points_y"":[364,389,617,723,892,1095,1218,1391,1391,1704,1810,1810,1819,1738,1298,875,520,313,114,161,364]}","{""class"":""6""}"
watch (10).jpg,67873,"{}",1,0,"{""name"":""polygon"",""all_points_x"":[198,151,159,121,112,136,169,218,293,325,345,367,429,550,568,568,533,493,528,516,555,555,493,451,451,198],""all_points_y"":[560,461,436,369,288,203,171,117,72,62,22,7,0,15,55,69,42,74,112,149,236,330,439,488,563,560]}","{""class"":""6""}"
watch (11).jpg,125497,"{}",1,0,"{""name"":""polygon"",""all_points_x"":[337,562,727,773,807,859,886,840,919,919,853,813,773,740,588,443,324,271,225,172,59,40,126,192,225,258,364,337],""all_points_y"":[86,26,59,172,317,317,502,595,701,853,919,1005,1382,1408,1461,1448,1428,1263,1269,1104,906,674,502,436,291,278,59,86]}","{""class"":""6""}"
watch (12).jpg,43454,"{}",1,0,"{""name"":""polygon"",""all_points_x"":[60,67,86,133,175,261,284,327,339,353,363,403,443,520,517,491,489,442,426,400,330,277,254,195,175,127,-2,-2,41,28,49,61,60],""all_points_y"":[259,204,159,109,86,60,54,44,55,55,35,29,37,87,135,144,164,212,274,322,373,392,402,458,451,520,512,429,351,331,284,251,259]}","{""class"":""6""}"
watch (13).jpg,202777,"{}",1,0,"{""name"":""polygon"",""all_points_x"":[273,330,370,410,485,529,581,912,947,1018,1088,1106,1057,1018,925,524,449,352,238,233,278,273],""all_points_y"":[586,485,445,317,189,57,31,26,44,163,471,727,956,1229,1445,1449,1273,1057,855,652,564,586]}","{""class"":""6""}"
watch (14).jpg,164704,"{}",1,0,"{""name"":""polygon"",""all_points_x"":[53,112,165,198,238,290,343,429,766,799,838,871,858,904,904,904,884,818,792,746,706,508,323,284,158,112,59,7,53],""all_points_y"":[587,495,337,264,271,191,92,40,33,152,337,337,502,594,686,858,977,1030,1380,1446,1446,1485,1419,1300,1228,1063,970,792,587]}","{""class"":""6""}"
watch (15).jpg,43048,"{}",1,0,"{""name"":""polygon"",""all_points_x"":[31,51,62,75,90,112,247,253,271,277,299,313,313,302,269,273,255,119,84,66,42,2,9,31],""all_points_y"":[163,114,79,73,40,2,4,11,57,143,187,229,253,273,357,460,500,498,438,418,354,284,211,163]}","{""class"":""6""}"
watch (16).jpg,36300,"{}",1,0,"{""name"":""polygon"",""all_points_x"":[133,139,248,261,273,284,306,306,317,317,303,296,279,274,267,138,120,98,83,67,29,21,32,68,83,98,106,133],""all_points_y"":[28,23,21,25,68,153,219,231,230,256,263,305,341,454,479,479,462,413,400,358,299,240,187,144,94,87,61,28]}","{""class"":""6""}"
watch (17).jpg,236254,"{}",1,0,"{""name"":""polygon"",""all_points_x"":[88,145,220,247,295,313,348,388,480,661,744,784,828,863,863,841,841,907,934,938,960,920,876,841,819,775,700,458,348,277,247,181,97,57,97,84,106,88],""all_points_y"":[612,489,414,308,291,167,110,75,40,44,79,106,304,299,436,489,546,630,678,735,819,885,920,956,1022,1427,1453,1480,1444,1207,1207,1052,969,727,577,590,581,612]}","{""class"":""6""}"
watch (18).jpg,72538,"{}",1,0,"{""name"":""polygon"",""all_points_x"":[374,601,604,621,667,711,733,738,729,674,639,615,617,388,377,359,324,293,269,240,251,284,308,339,359,385,374],""all_points_y"":[33,31,128,218,330,407,478,509,548,659,753,859,963,974,866,791,681,637,604,522,452,372,335,289,205,29,33]}","{""class"":""6""}"
watch (19).jpg,29040,"{}",1,0,"{""name"":""polygon"",""all_points_x"":[241,388,408,438,452,690,720,740,769,767,746,699,426,405,338,261,238,217,226,241],""all_points_y"":[335,112,91,44,29,32,56,112,261,646,834,969,975,937,737,579,535,488,364,335]}","{""class"":""6""}"
watch (20).jpg,83303,"{}",1,0,"{""name"":""polygon"",""all_points_x"":[335,399,529,584,617,640,670,690,737,761,746,690,652,634,605,590,341,320,314,291,247,226,226,238,305,320,335],""all_points_y"":[50,35,26,32,132,144,173,223,305,414,496,596,720,717,922,966,957,907,678,584,535,426,370,297,223,117,50]}","{""class"":""6""}"
watch (21).jpg,68034,"{}",1,0,"{""name"":""polygon"",""all_points_x"":[300,308,373,614,678,705,769,761,734,699,355,320,291,232,229,300],""all_points_y"":[109,56,26,35,32,117,370,637,772,960,975,937,840,529,408,109]}","{""class"":""6""}"
watch (22).jpg,99173,"{}",1,0,"{""name"":""polygon"",""all_points_x"":[324,293,269,244,229,233,238,262,302,302,317,326,335,586,617,663,694,722,747,747,742,703,630,601,593,566,350,328,324,324],""all_points_y"":[163,209,238,275,313,357,447,485,531,568,656,729,877,877,678,559,531,491,434,372,315,240,172,152,108,42,37,53,130,163]}","{""class"":""6""}"
watch (23).jpg,67252,"{}",1,0,"{""name"":""polygon"",""all_points_x"":[113,104,129,150,166,176,206,259,347,356,400,453,488,502,504,522,516,478,435,414,166,134,116,113],""all_points_y"":[277,210,129,88,62,49,39,21,33,69,106,106,127,150,187,419,448,476,481,520,515,386,268,277]}","{""class"":""6""}"
watch (24).jpg,18725,"{}",1,0,"{""name"":""polygon"",""all_points_x"":[145,246,255,279,302,318,309,294,259,253,145,141,114,104,84,81,91,95,104,136,145],""all_points_y"":[18,19,61,78,102,209,264,291,316,344,346,318,295,279,219,165,157,98,83,63,18]}","{""class"":""6""}"
watch (25).jpg,14019,"{}",1,0,"{""name"":""polygon"",""all_points_x"":[131,265,276,299,319,324,325,325,317,291,271,268,128,129,99,83,72,79,85,119,128,131],""all_points_y"":[4,3,65,79,92,119,181,261,284,305,313,384,391,309,303,263,212,124,92,67,57,4]}","{""class"":""6""}"
watch (26).jpg,116285,"{}",1,0,"{""name"":""polygon"",""all_points_x"":[137,180,243,312,365,407,439,507,745,909,989,1020,1036,1031,1004,983,915,830,486,407,317,264,217,153,116,122,137],""all_points_y"":[407,312,243,169,132,111,79,48,37,106,312,391,566,666,761,899,1041,1131,1158,1094,946,909,830,714,576,492,407]}","{""class"":""6""}"
watch (27).jpg,66708,"{}",1,0,"{""name"":""polygon"",""all_points_x"":[204,209,221,251,265,298,550,562,571,599,609,554,559,559,547,526,496,345,327,294,268,209,204],""all_points_y"":[350,444,484,538,599,672,660,536,507,470,329,223,216,209,92,33,21,33,54,134,179,296,350]}","{""class"":""6""}"
watch (28).jpg,43248,"{}",1,0,"{""name"":""polygon"",""all_points_x"":[190,225,254,350,364,387,423,447,489,523,534,556,554,558,532,502,459,430,415,177,189,126,110,115,120,142,166,190,187,190],""all_points_y"":[29,30,11,14,32,32,99,110,217,291,331,332,353,382,379,473,593,607,638,639,604,447,391,345,294,249,107,109,40,29]}","{""class"":""6""}"
watch (29).jpg,213303,"{}",1,0,"{""name"":""polygon"",""all_points_x"":[402,466,1135,1225,1238,1314,1371,1397,1569,1620,1633,1556,1397,1359,1320,1218,1231,389,389,319,242,51,0,13,32,96,249,306,313,376,402],""all_points_y"":[45,-6,6,51,587,580,810,887,1065,1269,1576,1837,2041,2092,2296,2354,2545,2545,2354,2284,2041,1761,1467,1378,1289,1078,829,714,574,568,45]}","{""class"":""6""}"
watch (30).jpg,108237,"{}",1,0,"{""name"":""polygon"",""all_points_x"":[421,313,279,233,207,199,184,152,150,121,89,74,91,118,129,157,199,176,188,252,326,440,512,588,772,895,927,897,1026,1049,1056,1013,1030,986,912,844,802,732,662,588,537,497,421],""all_points_y"":[220,273,256,264,281,288,277,288,300,307,358,463,567,592,618,633,656,675,685,713,764,802,825,825,764,696,656,660,578,501,408,353,328,322,296,288,275,233,203,188,178,193,220]}","{""class"":""6""}"
watch (31).jpg,79805,"{}",1,0,"{""name"":""polygon"",""all_points_x"":[245,208,167,139,141,157,181,220,234,236,515,518,562,597,604,613,641,650,650,640,622,613,604,587,539,515,509,500,259,243,245,245],""all_points_y"":[197,219,261,382,481,562,603,627,636,798,793,634,610,562,500,460,460,449,395,388,386,388,314,268,213,203,32,2,0,39,150,197]}","{""class"":""6""}"
watch (32).jpg,222390,"{}",1,0,"{""name"":""polygon"",""all_points_x"":[505,414,330,262,216,184,156,106,47,11,21,42,30,55,89,112,180,275,364,444,562,634,848,871,886,894,928,966,977,1017,1065,1076,1108,1156,1186,1186,1139,1095,1042,1063,1012,932,824,801,771,748,771,797,818,801,752,714,683,666,678,670,655,598,531,509,505],""all_points_y"":[95,106,101,63,47,57,104,85,230,321,351,366,378,425,476,507,634,742,816,845,852,862,881,867,850,831,843,845,837,856,871,854,875,881,875,569,552,535,505,480,427,349,254,216,190,167,125,123,82,55,23,19,17,47,70,101,120,106,97,108,95]}","{""class"":""6""}"
watch (33).jpg,17623,"{}",1,0,"{""name"":""polygon"",""all_points_x"":[219,207,203,199,193,183,182,175,167,160,161,171,177,185,195,202,212,218,223,234,250,271,280,283,287,293,297,299,296,311,316,313,319,317,309,315,306,297,299,297,295,303,299,290,286,281,277,272,251,231,227,219],""all_points_y"":[7,16,33,47,47,73,87,87,101,123,148,173,186,185,221,221,241,250,250,257,257,258,253,251,252,249,231,203,185,161,149,145,142,129,127,121,101,87,73,67,63,59,48,37,17,7,9,2,1,1,5,7]}","{""class"":""6""}"
watch (34).jpg,176746,"{}",1,0,"{""name"":""polygon"",""all_points_x"":[610,581,560,532,430,377,388,458,539,596,624,962,1008,1015,1078,1149,1177,1181,1230,1216,1191,1184,1156,1085,1004,997,980,944,796,684,627,610],""all_points_y"":[173,310,310,437,578,715,902,1019,1114,1300,1445,1438,1304,1138,1040,923,853,811,800,712,701,691,585,483,370,264,141,169,166,173,152,173]}","{""class"":""6""}"
watch (35).jpg,179141,"{}",1,0,"{""name"":""polygon"",""all_points_x"":[624,941,952,1026,1100,1117,1145,1174,1181,1149,1149,1195,1195,1163,1138,1121,1177,1163,1138,1107,1096,1078,1061,1043,1029,1022,959,952,948,631,613,596,610,539,479,437,409,444,490,532,546,596,624],""all_points_y"":[155,144,331,367,518,539,525,567,603,627,670,691,789,811,804,853,878,913,969,934,916,1001,1050,1089,1135,1159,1177,1346,1448,1448,1378,1265,1177,1159,1022,842,737,564,462,388,363,324,155]}","{""class"":""6""}"
watch (36).jpg,176063,"{}",1,0,"{""name"":""polygon"",""all_points_x"":[630,909,926,930,944,1027,1078,1109,1109,1151,1158,1132,1107,1107,1071,1024,977,944,921,919,909,895,637,618,609,611,585,505,444,444,482,547,590,613,623,630],""all_points_y"":[150,153,282,414,418,517,674,679,712,719,801,839,834,858,890,996,1090,1130,1132,1304,1391,1452,1443,1384,1241,1130,1121,1013,820,707,576,468,406,399,204,150]}","{""class"":""6""}"
watch (37).jpg,179287,"{}",1,0,"{""name"":""polygon"",""all_points_x"":[637,695,771,820,867,912,921,937,928,940,970,991,1015,1050,1097,1116,1172,1168,1154,1118,1093,1060,1008,980,947,937,928,898,843,731,695,670,625,609,604,559,491,468,423,442,498,547,569,606,609,625,637],""all_points_y"":[204,164,143,155,176,207,211,249,303,369,374,381,456,545,623,705,717,799,822,813,905,980,1100,1175,1182,1358,1407,1398,1447,1445,1440,1403,1400,1252,1177,1156,984,900,808,656,545,409,374,357,214,190,204]}","{""class"":""6""}"
watch (38).jpg,45318,"{}",1,0,"{""name"":""polygon"",""all_points_x"":[217,165,135,122,115,104,97,111,142,178,191,205,214,255,311,378,426,448,478,504,520,504,496,501,483,466,444,436,386,332,291,269,259,262,227,217],""all_points_y"":[113,113,132,158,203,313,412,457,471,479,505,533,553,559,565,572,546,504,366,354,326,277,250,217,149,108,76,64,49,49,52,55,75,91,102,113]}","{""class"":""6""}"
watch (39).jpg,477281,"{}",1,0,"{""name"":""polygon"",""all_points_x"":[687,455,482,410,285,169,196,348,473,455,705,705,740,767,1802,1837,1855,1882,1882,2096,2096,2408,2381,2479,2462,2355,2283,2194,2078,2069,1864,1811,1775,749,722,714,687],""all_points_y"":[794,919,1266,1365,1596,1935,2248,2613,2783,3184,3309,3416,3898,3942,3942,3746,3416,3362,3273,3104,2756,2328,2203,2185,1882,1900,1605,1436,1266,910,749,366,143,116,348,642,794]}","{""class"":""6""}"
watch (40).jpg,257763,"{}",1,0,"{""name"":""polygon"",""all_points_x"":[491,419,368,330,258,191,123,97,25,-4,38,42,8,13,42,72,114,157,123,178,220,284,381,377,432,491,978,1042,1075,1109,1113,1207,1215,1185,1190,1207,1279,1291,1279,1232,1202,1194,1249,1190,1152,1147,1126,1067,1033,851,682,491],""all_points_y"":[30,110,212,258,296,461,618,627,762,906,902,965,978,1101,1211,1262,1240,1317,1351,1507,1596,1622,1795,1833,1884,1901,1905,1837,1694,1482,1296,1156,1097,1063,995,1012,1016,957,906,889,919,843,821,737,610,453,199,64,25,-4,13,30]}","{""class"":""6""}"
watch (41).jpg,39264,"{}",1,0,"{""name"":""polygon"",""all_points_x"":[132,130,123,133,135,130,94,41,21,12,18,48,85,107,116,122,125,120,126,136,164,196,217,232,235,230,233,257,283,299,273,280,268,245,237,246,248,246,229,229,208,198,173,145,132],""all_points_y"":[21,70,106,138,224,295,350,421,463,531,597,667,720,781,830,869,897,913,960,982,986,982,956,863,734,623,604,570,577,535,522,478,406,342,321,248,142,126,86,63,23,13,12,10,21]}","{""class"":""6""}"
watch (42).jpg,31641,"{}",1,0,"{""name"":""polygon"",""all_points_x"":[291,277,267,246,230,223,224,215,210,194,192,184,163,152,149,151,160,176,190,201,212,227,228,241,260,272,281,315,330,351,374,402,420,431,436,451,462,466,469,480,492,495,494,503,513,515,513,506,518,523,524,515,523,527,515,491,518,513,505,495,492,474,466,466,447,432,420,409,380,334,304,291],""all_points_y"":[111,119,123,126,142,151,160,163,170,189,218,227,235,251,277,435,482,493,503,543,554,554,573,586,590,594,607,612,602,609,604,606,604,593,587,590,579,568,554,555,537,521,514,513,499,477,452,453,446,423,385,360,349,312,267,265,256,225,204,196,174,153,161,138,126,126,118,111,115,118,115,111]}","{""class"":""6""}"
watch (43).jpg,75616,"{}",1,0,"{""name"":""polygon"",""all_points_x"":[163,186,201,222,227,230,233,241,244,240,245,253,264,273,275,283,289,288,283,275,271,256,243,241,232,227,225,213,186,151,146,143,146,134,137,136,121,106,103,112,133,134,147,147,153,163],""all_points_y"":[29,21,26,29,33,49,59,65,75,79,97,107,120,139,154,153,159,175,178,175,197,227,238,276,271,315,338,344,341,334,323,295,273,268,251,238,222,193,160,119,95,67,64,35,32,29]}","{""class"":""6""}"
watch (44).jpg,443241,"{}",1,0,"{""name"":""polygon"",""all_points_x"":[1596,1539,1556,1556,1460,1314,1331,1319,1319,1449,1556,1584,1624,2233,2289,2306,2419,2532,2537,2594,2588,2532,2509,2419,2301,2278,2007,1686,1596],""all_points_y"":[462,913,1049,1128,1139,1263,1635,2419,2588,2701,2712,3372,3411,3400,3344,2690,2690,2583,2002,2019,1821,1810,1235,1128,1162,440,429,406,462]}","{""class"":""6""}"
watch (45).jpg,103970,"{}",1,0,"{""name"":""polygon"",""all_points_x"":[344,267,242,222,198,170,165,165,192,218,227,244,267,339,394,482,548,584,628,698,731,740,725,707,683,656,599,535,463,377,344],""all_points_y"":[148,203,227,240,256,297,346,650,687,696,716,744,775,817,826,826,830,824,804,689,535,425,333,330,269,207,154,150,150,148,148]}","{""class"":""6""}"
watch (46).jpg,512783,"{}",1,0,"{""name"":""polygon"",""all_points_x"":[320,285,241,239,223,220,189,168,160,129,83,57,34,47,92,144,159,191,222,254,290,320,340,526,561,597,657,692,696,720,722,710,704,707,728,720,722,699,694,707,696,681,663,646,633,610,565,513,404,338,320],""all_points_y"":[55,83,136,152,160,175,186,220,252,282,340,393,463,600,694,741,832,853,945,1018,1044,1053,1045,1053,1050,1018,885,715,665,646,591,523,490,429,404,364,343,327,309,296,222,212,176,150,136,79,47,52,53,60,55]}","{""class"":""6""}"
watch (47).jpg,59846,"{}",1,0,"{""name"":""polygon"",""all_points_x"":[267,251,236,240,222,223,211,200,186,183,164,132,123,120,129,145,169,184,203,212,228,235,245,264,280,316,362,407,435,454,461,475,483,488,488,490,487,491,499,501,493,492,488,483,488,484,478,472,457,438,423,380,329,287,267],""all_points_y"":[39,65,85,100,126,142,146,168,198,215,241,295,330,378,423,457,484,503,546,572,581,616,639,670,681,678,684,681,681,664,647,594,546,497,474,451,433,382,372,350,343,308,261,255,241,200,184,120,80,49,42,37,37,39,39]}","{""class"":""6""}"
watch (48).jpg,29198,"{}",1,0,"{""name"":""polygon"",""all_points_x"":[161,153,146,146,137,133,115,107,99,93,89,84,79,69,61,59,63,63,59,52,55,59,65,63,61,53,52,62,72,79,81,79,82,88,94,113,129,135,144,153,164,174,227,256,271,277,283,284,299,294,300,310,309,319,333,341,333,329,323,324,317,317,327,340,348,346,343,329,317,321,331,341,335,319,314,312,305,299,291,291,285,283,283,266,229,182,161],""all_points_y"":[3,13,13,13,23,41,43,57,75,96,102,109,109,115,129,139,141,145,157,189,219,237,249,250,247,251,261,279,290,291,287,285,282,287,306,351,354,365,387,395,395,399,399,399,393,385,353,339,292,284,282,282,289,295,279,258,251,256,251,246,246,241,246,237,213,176,162,149,148,142,139,133,128,97,101,107,112,108,83,63,53,30,7,-1,3,3,3]}","{""class"":""6""}"
watch (49).jpg,524020,"{}",1,0,"{""name"":""polygon"",""all_points_x"":[156,106,70,49,35,23,30,47,58,41,28,41,56,69,56,65,103,152,214,238,281,326,398,437,510,701,832,918,916,894,849,815,842,818,773,788,780,753,782,802,795,780,754,730,718,701,667,565,506,468,421,374,357,343,156],""all_points_y"":[-1,35,80,106,120,125,178,219,238,259,285,307,368,407,437,554,661,713,770,782,823,822,901,956,956,957,953,956,939,884,795,732,696,637,548,499,393,323,314,285,257,228,211,216,226,242,204,142,121,76,28,41,16,0,-1]}","{""class"":""6""}"
watch (50).jpg,37976,"{}",1,0,"{""name"":""polygon"",""all_points_x"":[335,570,588,601,593,634,632,648,683,725,747,744,769,780,778,764,747,738,725,687,641,634,628,601,595,579,348,322,313,311,302,247,225,240,273,293,306,322,335],""all_points_y"":[26,26,75,148,178,185,229,278,306,374,423,452,458,482,502,509,509,555,593,665,696,756,784,784,916,967,974,910,833,720,667,581,482,392,326,289,134,44,26]}","{""class"":""6""}"